GeoFIPS,GeoName,Region,TableName,LineCode,IndustryClassification,Description,Unit,1969,1970,1971,1972,1973,1974,1975,1976,1977,1978,1979,1980,1981,1982,1983,1984,1985,1986,1987,1988,1989,1990,1991,1992,1993,1994,1995,1996,1997,1998,1999,2000,2001,2002,2003,2004,2005,2006,2007,2008,2009,2010,2011,2012,2013,2014,2015,2016,2017,2018,2019
 "06000","California",8,CAINC1,1,"...","Personal income (thousands of dollars)","Thousands of dollars",92160048,99417462,105987186,116351066,127777265,142507421,157639903,174924788,194032902,220640055,250173900,284307980,319557151,342342458,369808779,410796416,444066873,476682239,513377058,558041138,600755071,643684926,665992598,702449072,719730984,742429143,780642835,829666598,882677306,959949747,1026419347,1133965450,1173768781,1193118043,1248506484,1329404002,1407285469,1516057517,1581573294,1606579893,1554013343,1628457637,1737940004,1852397490,1886376599,2021035590,2172930238,2273557468,2383130513,2514503372,2632279775
 "06000","California",8,CAINC1,2,"...","Population (persons) 1/","Number of persons",19711000,20023181,20345575,20584794,20867737,21172548,21536715,21934505,22350247,22838960,23255069,23800800,24285933,24820007,25360023,25844397,26441107,27102238,27777160,28464250,29218165,29959515,30470736,30974659,31274928,31484435,31696582,32018834,32486010,32987675,33499204,33987977,34479458,34871843,35253159,35574576,35827943,36021202,36250311,36604337,36961229,37319502,37638369,37948800,38260787,38596972,38918045,39167117,39358497,39461588,39512223
 "06000","California",8,CAINC1,3,"...","Per capita personal income (dollars) 2/","Dollars",4676,4965,5209,5652,6123,6731,7320,7975,8681,9661,10758,11945,13158,13793,14582,15895,16795,17588,18482,19605,20561,21485,21857,22678,23013,23581,24629,25912,27171,29100,30640,33364,34043,34214,35415,37369,39279,42088,43629,43890,42044,43636,46175,48813,49303,52363,55833,58048,60549,63720,66619
 "06001","Alameda, CA",8,CAINC1,1,"...","Personal income (thousands of dollars)","Thousands of dollars",4991979,5413615,5748044,6256221,6646967,7316446,8047585,8852592,9627922,10741959,11895501,13389159,15070912,16080360,17483059,19467458,21038021,22275177,23589473,25589904,27673644,29593225,30549152,32127626,33130062,34167648,36266947,38887009,41495774,45378778,49341526,56749879,57883887,57403375,58552726,60680616,62842982,67687599,70402298,72292294,69419699,72841206,78506666,82974225,87682377,95047167,104465851,111930943,119446412,128728021,135663560
 "06001","Alameda, CA",8,CAINC1,2,"...","Population (persons) 1/","Number of persons",1060099,1073505,1084483,1099590,1089330,1092233,1090869,1098146,1099851,1103717,1099272,1109931,1125950,1140269,1160694,1179132,1197401,1215506,1229319,1251100,1271443,1306166,1318543,1332208,1339189,1341707,1346548,1359099,1380383,1405903,1427114,1449840,1469484,1462106,1454163,1445721,1441545,1444484,1455715,1477208,1498539,1512986,1530915,1553764,1579593,1607792,1634538,1650950,1660196,1666756,1671329
 "06001","Alameda, CA",8,CAINC1,3,"...","Per capita personal income (dollars) 2/","Dollars",4709,5043,5300,5690,6102,6699,7377,8061,8754,9733,10821,12063,13385,14102,15063,16510,17570,18326,19189,20454,21766,22657,23169,24116,24739,25466,26933,28612,30061,32277,34574,39142,39391,39261,40266,41973,43594,46859,48363,48938,46325,48144,51281,53402,55509,59117,63912,67798,71947,77233,81171
 "06003","Alpine, CA",8,CAINC1,1,"...","Personal income (thousands of dollars)","Thousands of dollars",2003,2261,2634,3373,3715,3930,4408,5731,6072,7891,9338,10316,11630,12403,13688,14104,14688,15134,15873,18896,20703,20190,18111,18250,20995,22464,23981,26041,27704,29053,31006,34148,41375,42623,44341,42598,42304,42897,45781,46332,47290,49676,62342,66701,67218,73554,76307,79010,77214,78472,81463
 "06003","Alpine, CA",8,CAINC1,2,"...","Population (persons) 1/","Number of persons",398,508,584,702,671,730,785,817,890,983,1160,1104,1131,1145,1119,1092,1156,1197,1141,1162,1161,1106,1162,1154,1196,1199,1246,1262,1239,1223,1205,1209,1196,1237,1233,1263,1219,1276,1274,1202,1197,1161,1093,1110,1128,1080,1077,1047,1111,1089,1129
 "06003","Alpine, CA",8,CAINC1,3,"...","Per capita personal income (dollars) 2/","Dollars",5033,4451,4510,4805,5537,5384,5615,7015,6822,8027,8050,9344,10283,10832,12232,12916,12706,12643,13911,16262,17832,18255,15586,15815,17554,18736,19246,20635,22360,23756,25731,28245,34594,34457,35962,33728,34704,33618,35935,38546,39507,42787,57038,60091,59590,68106,70851,75463,69500,72059,72155
 "06005","Amador, CA",8,CAINC1,1,"...","Personal income (thousands of dollars)","Thousands of dollars",47391,52052,57221,63717,73443,83961,95034,108959,125334,146550,170527,190613,208033,222735,247168,281627,308270,335872,376503,419187,455463,491345,536608,567895,595834,610059,645493,682026,688710,739882,781469,866101,955516,1010053,1061751,1131979,1154432,1229189,1288559,1309767,1272419,1302191,1333600,1351901,1376219,1458287,1541827,1591543,1666554,1744925,1825410
 "06005","Amador, CA",8,CAINC1,2,"...","Population (persons) 1/","Number of persons",11240,11969,12542,12741,13521,14571,15091,15270,16239,17300,18591,19499,20205,20605,21103,21821,22659,23375,24531,27077,28939,30302,31741,32289,32803,33210,33549,33841,34107,34116,34903,35153,35697,36561,36994,37400,38040,38353,38756,38248,38238,37886,37543,37104,36620,36726,37031,37429,38529,39405,39752
 "06005","Amador, CA",8,CAINC1,3,"...","Per capita personal income (dollars) 2/","Dollars",4216,4349,4562,5001,5432,5762,6297,7135,7718,8471,9173,9776,10296,10810,11712,12906,13605,14369,15348,15481,15739,16215,16906,17588,18164,18370,19240,20154,20193,21687,22390,24638,26767,27627,28701,30267,30348,32049,33248,34244,33276,34371,35522,36435,37581,39707,41636,42522,43255,44282,45920
 "06007","Butte, CA",8,CAINC1,1,"...","Personal income (thousands of dollars)","Thousands of dollars",352188,381579,415603,461533,536861,630119,699800,766349,861046,974489,1130636,1320695,1467413,1532666,1647030,1803653,1946271,2079377,2257359,2468501,2663869,2872915,3052820,3239403,3340767,3480305,3589571,3798320,4034871,4224271,4403680,4736566,5162034,5312740,5572089,5950940,6164088,6546945,6853798,7033652,7046609,7309787,7572610,7782000,8069386,8505555,9157915,9583705,9871490,10267576,10490209
 "06007","Butte, CA",8,CAINC1,2,"...","Population (persons) 1/","Number of persons",101057,102682,105916,112775,113223,117295,121626,125377,129470,131797,138531,144828,148451,151913,154263,156791,160680,163233,166970,171909,176583,183652,187678,190409,192831,194648,196083,196327,197994,199993,201282,203807,206193,209120,211481,213065,214752,216824,217469,219034,219777,219949,219975,220869,221641,223516,224631,226231,228696,230339,219186
 "06007","Butte, CA",8,CAINC1,3,"...","Per capita personal income (dollars) 2/","Dollars",3485,3716,3924,4093,4742,5372,5754,6112,6651,7394,8162,9119,9885,10089,10677,11504,12113,12739,13520,14359,15086,15643,16266,17013,17325,17880,18306,19347,20379,21122,21878,23240,25035,25405,26348,27930,28703,30195,31516,32112,32063,33234,34425,35234,36407,38053,40769,42362,43164,44576,47860
 "06009","Calaveras, CA",8,CAINC1,1,"...","Personal income (thousands of dollars)","Thousands of dollars",48367,53990,57281,65528,73443,80152,90631,103094,116195,137840,155293,186710,211180,224502,254669,296176,327494,354945,396765,439282,514146,557727,591821,626615,664532,685693,714337,775480,825980,902882,962055,1070041,1166111,1227504,1317854,1397761,1457063,1559832,1646821,1684882,1645588,1670740,1724261,1704037,1727832,1843968,1985488,2073680,2158101,2249583,2347168
 "06009","Calaveras, CA",8,CAINC1,2,"...","Population (persons) 1/","Number of persons",13328,13658,13918,14241,14798,15185,15205,15694,16709,18301,19777,20916,21700,22778,23530,24196,24870,25854,27194,28248,30071,32542,34023,35233,35943,37073,37700,38441,39098,39581,40000,40645,41304,42380,43755,44530,45295,46045,46268,46265,45900,45468,45160,44815,44655,44671,44965,45322,45681,45698,45905
 "06009","Calaveras, CA",8,CAINC1,3,"...","Per capita personal income (dollars) 2/","Dollars",3629,3953,4116,4601,4963,5278,5961,6569,6954,7532,7852,8927,9732,9856,10823,12241,13168,13729,14590,15551,17098,17139,17395,17785,18488,18496,18948,20173,21126,22811,24051,26327,28232,28964,30119,31389,32168,33876,35593,36418,35852,36745,38181,38024,38693,41279,44156,45754,47243,49227,51131
 "06011","Colusa, CA",8,CAINC1,1,"...","Personal income (thousands of dollars)","Thousands of dollars",71938,70572,73203,81932,108333,152063,140803,92610,122237,125226,153981,181886,191975,173013,166506,197851,231531,214446,248295,271546,299907,303990,306884,333271,368243,364659,394298,421786,428180,415539,489070,493699,481165,475118,552097,556665,567980,587873,685921,821204,877869,874692,882201,809284,860252,780445,887045,947227,954030,1070094,1106274
 "06011","Colusa, CA",8,CAINC1,2,"...","Population (persons) 1/","Number of persons",12334,12416,12350,12161,12241,12426,12620,12833,12764,12707,12939,12875,13184,13872,14109,14159,14701,14930,14972,15494,16004,16335,16572,16834,16997,17252,17584,17909,18262,18419,18620,18817,19022,19232,19568,20207,20540,20890,21075,21134,21250,21437,21323,21284,21250,21176,21231,21496,21579,21418,21547
 "06011","Colusa, CA",8,CAINC1,3,"...","Per capita personal income (dollars) 2/","Dollars",5832,5684,5927,6737,8850,12237,11157,7217,9577,9855,11901,14127,14561,12472,11801,13974,15749,14363,16584,17526,18740,18610,18518,19797,21665,21137,22424,23552,23447,22560,26266,26237,25295,24705,28214,27548,27652,28141,32547,38857,41311,40803,41373,38023,40482,36855,41781,44065,44211,49962,51342
 "06013","Contra Costa, CA",8,CAINC1,1,"...","Personal income (thousands of dollars)","Thousands of dollars",2787828,2977495,3207997,3523498,3825193,4297142,4837131,5410096,6028523,6863527,7829430,9056173,10193797,10958633,12010322,13330373,14468610,15633048,16881029,18465263,19943640,21206016,22121438,23899181,25039261,26072190,27642275,29728585,32420266,35258121,37897636,43116632,45400920,45145094,46499397,49500140,52389675,56595496,58812955,60274480,56289101,56904408,61481909,66733882,67318879,71136948,77847050,82676557,88448139,93700558,98423318
 "06013","Contra Costa, CA",8,CAINC1,2,"...","Population (persons) 1/","Number of persons",546362,556814,563371,567619,573982,581729,589053,601223,614961,626070,642832,658783,667293,678903,690150,698814,711446,725367,739987,759242,784395,809317,823183,839768,852532,861979,872075,884227,903049,921663,936983,952810,970952,979862,987531,992424,999013,1000834,1009152,1023344,1037890,1052540,1065440,1077548,1093401,1108876,1124405,1137268,1145535,1150519,1153526
 "06013","Contra Costa, CA",8,CAINC1,3,"...","Per capita personal income (dollars) 2/","Dollars",5103,5347,5694,6208,6664,7387,8212,8998,9803,10963,12180,13747,15276,16142,17402,19076,20337,21552,22813,24321,25426,26202,26873,28459,29370,30247,31697,33621,35901,38255,40446,45252,46759,46073,47087,49878,52441,56548,58280,58900,54234,54064,57706,61931,61568,64152,69234,72698,77211,81442,85324
 "06015","Del Norte, CA",8,CAINC1,1,"...","Personal income (thousands of dollars)","Thousands of dollars",54540,58809,64960,71700,78529,86327,94539,106229,117924,136445,151703,173993,181532,171581,183670,198267,205107,216519,229952,257068,280856,334423,362139,384938,403488,416504,429870,435039,458706,488181,502211,523359,523498,526834,566119,620867,637044,675272,709696,744220,752199,783369,815735,830124,849798,885993,937395,974319,984436,1022361,1069227
 "06015","Del Norte, CA",8,CAINC1,2,"...","Population (persons) 1/","Number of persons",14224,14634,14985,15021,15419,15579,16059,16295,16828,17728,17915,18338,18789,18571,18704,18505,18701,19087,19526,20308,21270,23986,27012,27306,27942,28105,27802,27981,28340,28187,27624,27440,27292,27397,27601,27950,28281,28211,28415,28496,28599,28566,28443,28190,27816,27175,27190,27382,27351,27740,27812
 "06015","Del Norte, CA",8,CAINC1,3,"...","Per capita personal income (dollars) 2/","Dollars",3834,4019,4335,4773,5093,5541,5887,6519,7008,7697,8468,9488,9662,9239,9820,10714,10968,11344,11777,12658,13204,13942,13407,14097,14440,14820,15462,15548,16186,17319,18180,19073,19181,19230,20511,22213,22526,23936,24976,26117,26302,27423,28680,29447,30551,32603,34476,35582,35993,36855,38445
 "06017","El Dorado, CA",8,CAINC1,1,"...","Personal income (thousands of dollars)","Thousands of dollars",185399,207258,237154,275555,322781,367145,433672,499863,577819,694801,797290,927795,1040609,1112546,1225788,1385857,1542433,1714299,1885475,2103478,2370147,2611704,2818290,3089365,3253816,3524628,3804899,4120660,4486495,4881213,5365019,5878487,6211610,6437500,6701314,7160243,7584901,8087435,8385499,8666377,8432024,8720972,9128243,9518294,9874704,10471404,11086060,11711406,12199413,12820940,13478795
 "06017","El Dorado, CA",8,CAINC1,2,"...","Population (persons) 1/","Number of persons",43168,44389,46046,48509,52713,55614,58416,62534,67014,73670,80658,86557,89367,92428,93434,95371,99093,102450,106852,112687,118828,127952,132724,136014,139646,142088,144574,146863,149589,152308,154381,157162,161101,165195,168331,171653,175003,176773,177694,179150,180455,181136,180936,180575,181481,183108,184569,185976,188679,190746,192843
 "06017","El Dorado, CA",8,CAINC1,3,"...","Per capita personal income (dollars) 2/","Dollars",4295,4669,5150,5680,6123,6602,7424,7993,8622,9431,9885,10719,11644,12037,13119,14531,15566,16733,17646,18667,19946,20412,21234,22714,23300,24806,26318,28058,29992,32048,34752,37404,38557,38969,39810,41713,43342,45750,47191,48375,46726,48146,50450,52711,54412,57187,60065,62973,64657,67215,69895
 "06019","Fresno, CA",8,CAINC1,1,"...","Personal income (thousands of dollars)","Thousands of dollars",1500510,1653102,1799992,2036193,2339957,2740807,2963789,3397744,3628639,4040140,4792511,5540745,5809316,6125148,6443188,7119275,7644924,8160310,8910556,9572858,10378753,11305019,11853761,12614523,13359184,13672905,14222713,14865185,15268932,16196433,17108093,18496412,19263404,20659321,22232347,23639786,24590953,26214753,27505553,28140901,28206209,29567869,31404880,32431359,33865015,36378424,38949236,40168751,41286010,43088095,45445944
 "06019","Fresno, CA",8,CAINC1,2,"...","Population (persons) 1/","Number of persons",408304,414886,424697,431918,439865,449886,464183,477162,489016,497564,506332,517679,528891,541500,555873,572091,584070,593621,608831,627658,650755,672302,691569,710263,726859,739835,749534,761409,771391,778615,789405,801288,813021,829762,847193,861035,872470,883862,895933,909630,921478,932039,939406,945045,951514,960567,969488,976830,985238,991950,999101
 "06019","Fresno, CA",8,CAINC1,3,"...","Per capita personal income (dollars) 2/","Dollars",3675,3984,4238,4714,5320,6092,6385,7121,7420,8120,9465,10703,10984,11311,11591,12444,13089,13747,14636,15252,15949,16815,17140,17760,18379,18481,18975,19523,19794,20802,21672,23083,23694,24898,26242,27455,28185,29659,30700,30937,30610,31724,33431,34317,35591,37872,40175,41122,41905,43438,45487
 "06021","Glenn, CA",8,CAINC1,1,"...","Personal income (thousands of dollars)","Thousands of dollars",71156,73813,78182,92399,120824,144255,142714,130642,147493,170263,209204,256495,254661,249131,235939,266494,286186,283801,320324,341983,349821,368356,369090,409865,433156,435535,425138,474724,495213,480529,509269,527985,579654,589391,624146,680546,698068,696522,821008,855138,882479,914636,985762,1009754,1089814,1070390,1150270,1200674,1217208,1317914,1396761
 "06021","Glenn, CA",8,CAINC1,2,"...","Population (persons) 1/","Number of persons",17207,17486,17396,17518,18260,18522,19150,19687,20109,20038,20991,21498,22050,22346,22873,22835,23171,23214,23318,23844,24428,24919,25181,25510,25663,25796,26040,26170,26270,26185,26332,26416,26450,26651,27016,27122,27393,27652,27775,28019,28100,28127,28139,27851,27809,27831,27753,27840,27926,27967,28393
 "06021","Glenn, CA",8,CAINC1,3,"...","Per capita personal income (dollars) 2/","Dollars",4135,4221,4494,5275,6617,7788,7452,6636,7335,8497,9966,11931,11549,11149,10315,11670,12351,12225,13737,14343,14320,14782,14657,16067,16879,16884,16326,18140,18851,18351,19340,19987,21915,22115,23103,25092,25483,25189,29559,30520,31405,32518,35032,36256,39189,38460,41447,43128,43587,47124,49194
 "06023","Humboldt, CA",8,CAINC1,1,"...","Personal income (thousands of dollars)","Thousands of dollars",390205,410869,449546,484634,538295,592976,650730,735707,802633,882256,969802,1071630,1137324,1167934,1256380,1347309,1419775,1517564,1612109,1725832,1870544,1957517,2035251,2142505,2232589,2305898,2385010,2532287,2665509,2832570,2888285,3043163,3326336,3428484,3661148,3913761,3991189,4219945,4233258,4198046,4417059,4835780,5031857,5102248,5189463,5461795,5804485,6056894,6254062,6457937,6730966
 "06023","Humboldt, CA",8,CAINC1,2,"...","Population (persons) 1/","Number of persons",98868,99708,100115,103038,104378,105501,104239,105158,106256,107430,107777,108931,110338,109889,109638,110275,111050,111702,112818,114774,117161,119746,121375,123032,124147,123990,125927,126162,127086,127087,126676,126462,127520,128780,129754,130702,131497,132093,132001,132657,133744,135009,135243,134572,134403,134494,135102,136290,136507,136244,135558
 "06023","Humboldt, CA",8,CAINC1,3,"...","Per capita personal income (dollars) 2/","Dollars",3947,4121,4490,4703,5157,5621,6243,6996,7554,8212,8998,9838,10308,10628,11459,12218,12785,13586,14289,15037,15966,16347,16768,17414,17983,18597,18940,20072,20974,22288,22801,24064,26085,26623,28216,29944,30352,31947,32070,31646,33026,35818,37206,37915,38611,40610,42964,44441,45815,47400,49654
 "06025","Imperial, CA",8,CAINC1,1,"...","Personal income (thousands of dollars)","Thousands of dollars",284148,299115,301362,384220,425947,488692,523162,581199,603258,656466,929275,892604,937766,1039053,1100336,1127019,1123270,1161225,1363167,1568327,1688937,1789097,1874590,2015111,2262259,2284882,2360428,2345878,2440859,2625793,2716208,2728047,3013830,3396634,3544125,3660691,3843753,4128385,4377931,4772539,4855435,5146671,5584408,5671528,5893251,6232834,6706452,6575270,6731955,6822928,7329602
 "06025","Imperial, CA",8,CAINC1,2,"...","Population (persons) 1/","Number of persons",73604,74795,74931,75869,79648,81526,82989,85264,86981,88474,90086,92584,94301,95688,96890,97475,99199,98885,100077,101881,105166,110839,117143,123823,132758,134315,136986,137987,138624,139615,141056,142410,143707,145640,148984,152259,156113,160505,164596,167917,172008,174716,175786,176575,176438,177974,178937,180179,181649,181523,181215
 "06025","Imperial, CA",8,CAINC1,3,"...","Per capita personal income (dollars) 2/","Dollars",3860,3999,4022,5064,5348,5994,6304,6816,6936,7420,10315,9641,9944,10859,11357,11562,11323,11743,13621,15394,16060,16141,16003,16274,17040,17011,17231,17001,17608,18807,19256,19156,20972,23322,23789,24043,24622,25721,26598,28422,28228,29457,31768,32120,33401,35021,37479,36493,37060,37587,40447
 "06027","Inyo, CA",8,CAINC1,1,"...","Personal income (thousands of dollars)","Thousands of dollars",58457,64784,71180,79725,85713,94205,105798,114992,124199,142494,162993,184930,208617,216714,229816,239976,246521,253169,259319,290002,319641,333343,344355,353760,366860,372034,385296,399834,418843,441101,454908,464771,547993,556653,589567,649502,678423,720121,742051,782544,772603,784276,813509,857639,877617,939340,979750,1039364,1064189,1045520,1091592
 "06027","Inyo, CA",8,CAINC1,2,"...","Population (persons) 1/","Number of persons",15417,15626,15799,15491,16344,16653,16879,17032,17226,16509,17748,17914,17954,18410,18420,18203,18083,17862,17794,17946,18317,18272,18312,18372,18337,18431,18395,18311,18241,18036,17968,17955,18117,18394,18593,18578,18478,18370,18426,18318,18544,18511,18392,18351,18357,18292,18108,17922,17868,17946,18039
 "06027","Inyo, CA",8,CAINC1,3,"...","Per capita personal income (dollars) 2/","Dollars",3792,4146,4505,5147,5244,5657,6268,6752,7210,8631,9184,10323,11620,11772,12476,13183,13633,14174,14573,16160,17451,18243,18805,19255,20007,20185,20946,21836,22962,24457,25318,25885,30247,30263,31709,34961,36715,39201,40272,42720,41663,42368,44232,46735,47808,51353,54106,57994,59558,58259,60513
 "06029","Kern, CA",8,CAINC1,1,"...","Personal income (thousands of dollars)","Thousands of dollars",1273392,1357079,1464866,1593327,1818667,2156400,2343300,2763966,2921259,3216417,3830294,4498790,4819966,5253132,5467802,6028100,6466455,6902908,7159440,7851244,8365507,9089058,9706159,10190092,10682018,10926342,11322808,11936703,12276732,13034202,13408479,14244286,15261795,16210220,17352019,18726154,20176085,21757840,23435629,24160612,24003563,26097169,27742981,29468514,30412531,32513120,33334249,33286588,34063749,35566558,37666752
 "06029","Kern, CA",8,CAINC1,2,"...","Population (persons) 1/","Number of persons",325549,330868,336227,336833,343007,344840,356866,366932,372217,377990,393198,406407,418877,433698,446961,459411,474243,486217,497910,510980,527922,549535,569346,589897,599843,614707,620201,626719,634695,643016,655428,663803,676574,694059,714272,736296,760726,784511,803281,818327,830137,840996,847970,853606,862000,869176,876031,880856,887356,893758,900202
 "06029","Kern, CA",8,CAINC1,3,"...","Per capita personal income (dollars) 2/","Dollars",3912,4102,4357,4730,5302,6253,6566,7533,7848,8509,9741,11070,11507,12112,12233,13121,13635,14197,14379,15365,15846,16540,17048,17274,17808,17775,18257,19046,19343,20270,20458,21459,22557,23356,24293,25433,26522,27734,29175,29524,28915,31031,32717,34522,35281,37407,38051,37789,38388,39794,41843
 "06031","Kings, CA",8,CAINC1,1,"...","Personal income (thousands of dollars)","Thousands of dollars",240790,265191,278879,314305,345342,437143,445741,532959,531403,525109,684421,846922,828510,892113,858897,999413,1006438,1007552,1157771,1243853,1382176,1393565,1495923,1630271,1719615,1782529,1802543,1929607,1972942,2009974,2143296,2265026,2487443,2751197,3107887,3374648,3480636,3505446,4007471,3915602,3777656,4070894,4515822,4423871,4557239,4958327,5137539,5262778,5461861,5595305,6030809
 "06031","Kings, CA",8,CAINC1,2,"...","Population (persons) 1/","Number of persons",65647,66570,66450,68161,68308,69067,70590,71708,72467,73556,73562,74265,76229,78213,81138,83004,85205,86372,88032,94510,99850,101885,104334,107414,109161,111565,113840,115411,116769,121457,126402,129835,132881,135369,139393,143601,145147,147712,150420,152027,152278,152370,151868,150991,150337,149495,150085,149382,149665,151382,152940
 "06031","Kings, CA",8,CAINC1,3,"...","Per capita personal income (dollars) 2/","Dollars",3668,3984,4197,4611,5056,6329,6315,7432,7333,7139,9304,11404,10869,11406,10586,12041,11812,11665,13152,13161,13843,13678,14338,15177,15753,15977,15834,16719,16896,16549,16956,17445,18719,20324,22296,23500,23980,23732,26642,25756,24808,26717,29735,29299,30313,33167,34231,35230,36494,36961,39433
 "06033","Lake, CA",8,CAINC1,1,"...","Personal income (thousands of dollars)","Thousands of dollars",72377,79809,88263,100223,118046,134168,156373,178147,206512,248026,289855,350148,401425,447902,495174,550409,590331,640356,671078,713854,804120,858014,928862,972416,1004990,1035739,1059239,1132180,1183092,1263172,1324278,1410609,1519218,1607277,1663964,1711239,1736381,1828938,1883380,1921699,1916957,1999343,2059368,2118095,2175903,2310318,2456491,2533898,2622835,2741990,2849642
 "06033","Lake, CA",8,CAINC1,2,"...","Population (persons) 1/","Number of persons",18799,19805,20929,21839,23471,24131,25629,27425,29580,32228,34740,36831,38623,39991,41805,43812,45494,46135,47139,47911,48942,51149,53036,54358,55492,56097,56265,56331,56275,56695,57214,58538,60219,61513,62496,63116,63811,64202,64077,64392,64413,64735,64251,63954,63796,64044,64260,63903,64111,64317,64386
 "06033","Lake, CA",8,CAINC1,3,"...","Per capita personal income (dollars) 2/","Dollars",3850,4030,4217,4589,5029,5560,6101,6496,6981,7696,8344,9507,10393,11200,11845,12563,12976,13880,14236,14900,16430,16775,17514,17889,18111,18463,18826,20099,21023,22280,23146,24097,25228,26129,26625,27113,27211,28487,29392,29844,29760,30885,32052,33119,34107,36074,38227,39652,40911,42632,44259
 "06035","Lassen, CA",8,CAINC1,1,"...","Personal income (thousands of dollars)","Thousands of dollars",67368,71748,79170,83128,93102,96098,113632,129147,139038,162228,184257,201532,213276,232985,245405,265434,283016,302204,314644,335540,359113,378271,413008,450867,462147,494506,514183,543805,559647,585929,612058,631910,651149,685138,731745,764642,786226,837250,895543,951301,933054,966168,996253,994214,980433,1005946,1065232,1097050,1111837,1133173,1165736
 "06035","Lassen, CA",8,CAINC1,2,"...","Population (persons) 1/","Number of persons",16611,16866,17231,17652,17644,18168,18596,18643,19352,19963,21137,21851,22570,23370,23558,23830,24128,24639,26051,26681,27334,27666,28001,28603,28774,28544,28825,31874,34123,34030,33838,33719,33548,33430,33930,34458,34488,34605,35615,35221,35160,34831,34246,33629,32129,31664,31256,30721,30920,30618,30573
 "06035","Lassen, CA",8,CAINC1,3,"...","Per capita personal income (dollars) 2/","Dollars",4056,4254,4595,4709,5277,5289,6111,6927,7185,8126,8717,9223,9450,9969,10417,11139,11730,12265,12078,12576,13138,13673,14750,15763,16061,17324,17838,17061,16401,17218,18088,18740,19409,20495,21566,22191,22797,24194,25145,27009,26537,27739,29091,29564,30516,31769,34081,35710,35959,37010,38130
 "06037","Los Angeles, CA",8,CAINC1,1,"...","Personal income (thousands of dollars)","Thousands of dollars",33686644,35629674,37121848,40108100,43160005,47427380,51826029,56997723,62721460,70963500,79718877,89439394,100498267,107017122,114723500,126323970,135991037,145247377,156541571,167604195,177107568,190966436,193296048,201832265,203189504,207892571,215981745,227176765,237616263,258365051,270176180,286172845,297567198,306205735,321774548,342799954,364811800,394672557,411722452,422753721,409725253,428230025,458957708,492050220,491204293,524811553,560530772,581458264,602431122,627608360,653482910
 "06037","Los Angeles, CA",8,CAINC1,2,"...","Population (persons) 1/","Number of persons",6989910,7042756,7103651,7056632,7040446,7085800,7116806,7211683,7251637,7351757,7401021,7506544,7608796,7767422,7920955,8041685,8182906,8393640,8553844,8667680,8793710,8878157,8948125,9055424,9100159,9096608,9089015,9127042,9206538,9313589,9437290,9538191,9626034,9705913,9767145,9793263,9786373,9737955,9700359,9735147,9787400,9823246,9876482,9935375,9992484,10040072,10085416,10105708,10103711,10073906,10039107
 "06037","Los Angeles, CA",8,CAINC1,3,"...","Per capita personal income (dollars) 2/","Dollars",4819,5059,5226,5684,6130,6693,7282,7904,8649,9653,10771,11915,13208,13778,14484,15709,16619,17304,18301,19337,20140,21510,21602,22289,22328,22854,23763,24891,25810,27741,28629,30003,30913,31548,32945,35004,37278,40529,42444,43426,41863,43594,46470,49525,49157,52272,55578,57538,59625,62300,65094
 "06039","Madera, CA",8,CAINC1,1,"...","Personal income (thousands of dollars)","Thousands of dollars",142509,157504,172911,203344,252612,288523,303984,351479,404651,443859,599802,679239,665972,687423,699323,780203,830324,922147,1049058,1133911,1222046,1330613,1418479,1602982,1665036,1700029,1729154,1886968,2030119,2124919,2246847,2354133,2558591,2769668,2978258,3312636,3457218,3642627,3971634,3982879,3863463,4295560,4549836,4805261,4975765,5341934,5472950,5731880,5901022,6133070,6492474
 "06039","Madera, CA",8,CAINC1,2,"...","Population (persons) 1/","Number of persons",41079,41707,42754,43223,44458,46071,47917,49699,52777,55741,60169,63961,67214,69240,71504,72996,75118,76960,79003,81762,84797,89125,94973,99536,104039,107396,109300,113143,116442,119143,121883,123587,125581,128369,132738,137106,140313,143622,146067,148359,149234,150986,151675,151527,151370,153456,153576,153956,155423,156882,157327
 "06039","Madera, CA",8,CAINC1,3,"...","Per capita personal income (dollars) 2/","Dollars",3469,3776,4044,4705,5682,6263,6344,7072,7667,7963,9969,10620,9908,9928,9780,10688,11054,11982,13279,13868,14411,14930,14936,16105,16004,15830,15820,16678,17435,17835,18434,19048,20374,21576,22437,24161,24639,25363,27190,26846,25889,28450,29997,31712,32872,34811,35637,37231,37967,39094,41267
 "06041","Marin, CA",8,CAINC1,1,"...","Personal income (thousands of dollars)","Thousands of dollars",1233473,1319908,1421836,1581155,1728807,1889287,2109152,2349280,2589028,2959686,3370252,3940435,4463347,4812780,5230185,5681017,6023344,6329703,6592641,7204904,7604056,7962427,8397207,9045108,9547840,10116017,10842938,11658332,12745226,14341222,15436940,17242038,18186088,17457981,17544470,18761815,19810578,21519094,22208959,22527700,20627897,21264321,23228271,24912755,25443009,27770296,29895845,31014406,32626304,35331237,36684680
 "06041","Marin, CA",8,CAINC1,2,"...","Population (persons) 1/","Number of persons",203506,208245,207014,207699,215802,211584,216965,220963,223289,223558,222870,222944,223911,223426,223972,223232,222459,224013,224938,226013,229176,230522,233443,235820,238040,239032,239195,238705,241797,244706,246269,247520,247866,246225,245054,243769,244206,244580,246248,248398,250862,252904,255376,256061,258409,260359,260916,260562,259749,259662,258826
 "06041","Marin, CA",8,CAINC1,3,"...","Per capita personal income (dollars) 2/","Dollars",6061,6338,6868,7613,8011,8929,9721,10632,11595,13239,15122,17675,19934,21541,23352,25449,27076,28256,29309,31878,33180,34541,35971,38356,40110,42321,45331,48840,52710,58606,62683,69659,73371,70903,71594,76966,81122,87984,90189,90692,82228,84081,90957,97292,98460,106662,114580,119029,125607,136066,141735
 "06043","Mariposa, CA",8,CAINC1,1,"...","Personal income (thousands of dollars)","Thousands of dollars",25707,29031,31878,35544,39383,46482,55173,59895,66057,79460,88046,105558,114269,121546,143069,152977,167179,179311,183575,202343,222889,247812,256938,274860,283318,290182,302290,318872,331549,357827,373093,389569,419960,436718,462583,515701,541916,582226,614615,631923,631908,661325,676359,684965,700614,748467,795731,853277,887156,929389,969454
 "06043","Mariposa, CA",8,CAINC1,2,"...","Population (persons) 1/","Number of persons",5868,6139,6623,6832,7418,7877,8296,8683,9195,9685,10626,11201,11555,11798,11980,12310,12654,12873,13130,13514,13907,14446,15061,15565,15901,16171,16427,16784,16640,17053,16966,17101,17099,17243,17707,17844,17972,18219,18366,18412,18212,18277,18170,17881,17809,17714,17622,17456,17414,17405,17203
 "06043","Mariposa, CA",8,CAINC1,3,"...","Per capita personal income (dollars) 2/","Dollars",4381,4729,4813,5203,5309,5901,6651,6898,7184,8204,8286,9424,9889,10302,11942,12427,13212,13929,13981,14973,16027,17154,17060,17659,17818,17945,18402,18999,19925,20983,21991,22780,24561,25327,26124,28901,30153,31957,33465,34321,34697,36183,37224,38307,39340,42253,45156,48882,50945,53398,56354
 "06045","Mendocino, CA",8,CAINC1,1,"...","Personal income (thousands of dollars)","Thousands of dollars",185554,201134,211290,245217,279573,310625,342687,397582,449272,523367,591579,654786,709835,738341,801612,878076,935329,1002052,1068128,1142146,1275610,1334531,1368913,1439345,1504470,1577844,1636710,1774193,1898984,1993358,2087497,2213720,2448314,2499817,2570048,2650865,2668874,2824322,2955800,3054817,3072331,3312601,3401547,3420455,3508491,3759930,3949841,4086354,4189632,4411856,4595625
 "06045","Mendocino, CA",8,CAINC1,2,"...","Population (persons) 1/","Number of persons",49733,51267,52008,52517,55063,56524,57243,58926,61122,62985,65018,67093,68385,69726,70700,71811,73390,74293,75320,76493,78444,80859,81729,81978,82126,82427,83277,83887,84370,85062,85665,86407,86841,87364,88140,88030,87981,87345,87071,87468,87722,87799,87334,87288,87054,87225,87107,87285,87576,87401,86749
 "06045","Mendocino, CA",8,CAINC1,3,"...","Per capita personal income (dollars) 2/","Dollars",3731,3923,4063,4669,5077,5495,5987,6747,7350,8309,9099,9759,10380,10589,11338,12228,12745,13488,14181,14931,16261,16504,16749,17558,18319,19142,19654,21150,22508,23434,24368,25620,28193,28614,29159,30113,30335,32335,33947,34925,35023,37729,38949,39186,40302,43106,45345,46816,47840,50478,52976
 "06047","Merced, CA",8,CAINC1,1,"...","Personal income (thousands of dollars)","Thousands of dollars",389912,434859,460187,517524,612840,685840,783346,878577,964456,1017192,1170290,1331927,1362937,1461800,1528943,1773556,1911489,2060070,2285290,2395633,2610501,2786599,2911291,3108931,3207165,3284026,3171229,3484054,3595354,3816561,4010889,4238537,4612103,4916556,5391609,5910685,6136657,6296779,7013386,6823448,6897656,7301531,7923689,8110944,8481612,9393654,9800267,9994614,10390896,10696798,11406396
 "06047","Merced, CA",8,CAINC1,2,"...","Population (persons) 1/","Number of persons",101255,105275,108032,110548,114436,117949,121456,126358,126591,128435,131775,135625,139632,142766,147657,151357,155939,158988,162956,167749,172988,179953,186091,189489,193137,197798,195291,194819,198312,202264,206734,212258,218816,225351,231735,237180,242554,245338,248540,250538,252302,256721,259297,260867,262026,264419,266353,267628,271096,274151,277680
 "06047","Merced, CA",8,CAINC1,3,"...","Per capita personal income (dollars) 2/","Dollars",3851,4131,4260,4681,5355,5815,6450,6953,7619,7920,8881,9821,9761,10239,10355,11718,12258,12957,14024,14281,15091,15485,15644,16407,16606,16603,16238,17884,18130,18869,19401,19969,21078,21817,23266,24921,25300,25666,28218,27235,27339,28442,30558,31092,32369,35526,36794,37345,38329,39018,41077
 "06049","Modoc, CA",8,CAINC1,1,"...","Personal income (thousands of dollars)","Thousands of dollars",31864,33740,37674,37523,50519,52886,54864,60622,56722,69921,82156,109879,98451,105804,113241,123241,112841,113519,123658,134532,144245,150947,157392,165684,179439,181704,182280,184991,192247,198855,210669,197171,215738,239399,246409,255510,270265,275267,291860,320186,340519,342788,355746,353484,363652,387859,405699,407462,406743,415908,451666
 "06049","Modoc, CA",8,CAINC1,2,"...","Population (persons) 1/","Number of persons",7261,7531,7728,7778,7700,7907,7853,7970,8231,8291,8443,8689,8988,9268,9467,9630,9499,9368,9350,9361,9662,9677,9779,9859,9700,9835,9761,9864,9861,9611,9509,9406,9350,9362,9501,9605,9565,9617,9525,9551,9646,9694,9509,9351,9145,9068,9056,8961,8876,8800,8841
 "06049","Modoc, CA",8,CAINC1,3,"...","Per capita personal income (dollars) 2/","Dollars",4388,4480,4875,4824,6561,6689,6986,7606,6891,8433,9731,12646,10954,11416,11962,12798,11879,12118,13225,14372,14929,15599,16095,16805,18499,18475,18674,18754,19496,20690,22155,20962,23074,25571,25935,26602,28256,28623,30641,33524,35302,35361,37412,37802,39765,42772,44799,45471,45825,47262,51088
 "06051","Mono, CA",8,CAINC1,1,"...","Personal income (thousands of dollars)","Thousands of dollars",15565,18289,21715,27353,33718,38351,45835,49681,50078,65992,78502,97473,109386,122308,123469,127699,134703,141653,147421,165863,182211,184067,183062,200639,215305,224067,231272,243938,264317,289057,315958,347154,402050,423239,466940,490561,530396,523497,523057,546760,540823,574484,600085,580943,589206,618762,632738,660726,732265,726449,772750
 "06051","Mono, CA",8,CAINC1,2,"...","Population (persons) 1/","Number of persons",3780,4130,4529,5003,6447,6769,7141,7104,7335,7077,8192,8648,8916,9278,9225,8790,8806,8795,8916,9071,9514,10126,10044,10372,10917,11447,11649,11766,11998,12110,12589,12921,13224,13404,13352,13360,13474,13743,13678,13862,14008,14257,14422,14331,14067,14134,14077,14273,14354,14403,14444
 "06051","Mono, CA",8,CAINC1,3,"...","Per capita personal income (dollars) 2/","Dollars",4118,4428,4795,5467,5230,5666,6419,6993,6827,9325,9583,11271,12269,13183,13384,14528,15297,16106,16534,18285,19152,18178,18226,19344,19722,19574,19853,20732,22030,23869,25098,26867,30403,31576,34972,36719,39364,38092,38241,39443,38608,40295,41609,40538,41886,43778,44948,46292,51015,50437,53500
 "06053","Monterey, CA",8,CAINC1,1,"...","Personal income (thousands of dollars)","Thousands of dollars",1259691,1364273,1537357,1643539,1839849,2050129,2188715,2290452,2521308,2899743,3121866,3501254,4033236,4272966,4758124,5114759,5407320,5844931,6250071,6594700,6966343,7392202,7561106,8218602,8362212,8382230,8927730,9262660,10006265,10904977,11619077,12821009,12925746,13080454,13726928,14167773,14717727,15974961,16602518,16656082,16644678,17263664,17832488,18661045,19536646,20793265,22530852,23209395,23765296,24576499,25973189
 "06053","Monterey, CA",8,CAINC1,2,"...","Population (persons) 1/","Number of persons",255128,248235,252730,254140,255261,263534,270976,275942,281545,284129,286882,292406,299677,306241,313698,321458,328102,335849,341268,345947,349872,357535,364805,371860,371002,352363,355486,362215,376794,387889,396267,402990,407082,408977,409725,408731,405139,401831,402376,406022,410263,416373,420456,424788,426712,428475,430552,433953,434534,433950,434061
 "06053","Monterey, CA",8,CAINC1,3,"...","Per capita personal income (dollars) 2/","Dollars",4937,5496,6083,6467,7208,7779,8077,8300,8955,10206,10882,11974,13459,13953,15168,15911,16481,17403,18314,19063,19911,20675,20726,22101,22540,23789,25114,25572,26556,28114,29321,31815,31752,31983,33503,34663,36328,39755,41261,41023,40571,41462,42412,43930,45784,48529,52330,53484,54691,56634,59838
 "06055","Napa, CA",8,CAINC1,1,"...","Personal income (thousands of dollars)","Thousands of dollars",357485,381497,416801,448277,508478,578763,674732,745064,827296,943170,1055709,1166017,1326710,1427348,1519183,1658126,1788105,1920241,2007907,2184268,2416052,2568559,2715890,2842249,2959035,3089928,3225147,3460698,3717064,4007215,4356858,4806032,5211017,5298003,5360694,5444685,5759965,6136864,6359725,6405899,6236780,6388392,6730335,7444938,7749903,8396221,9113309,9637180,9882187,9998840,10429596
 "06055","Napa, CA",8,CAINC1,2,"...","Population (persons) 1/","Number of persons",76688,79562,81771,83208,87718,90759,93627,94964,96521,96437,98789,99331,99662,101178,101549,101902,103014,104237,105010,106130,108662,111284,112233,114322,114972,116077,116697,117996,119808,121583,123026,124565,126818,128744,130138,130387,130381,131440,132583,134093,135280,136759,137691,138538,139580,140405,140862,140840,139878,138789,137744
 "06055","Napa, CA",8,CAINC1,3,"...","Per capita personal income (dollars) 2/","Dollars",4662,4795,5097,5387,5797,6377,7207,7846,8571,9780,10687,11739,13312,14107,14960,16272,17358,18422,19121,20581,22235,23081,24199,24862,25737,26620,27637,29329,31025,32959,35414,38583,41091,41151,41192,41758,44178,46689,47968,47772,46103,46713,48880,53739,55523,59800,64697,68426,70649,72043,75717
 "06057","Nevada, CA",8,CAINC1,1,"...","Personal income (thousands of dollars)","Thousands of dollars",97001,108573,122940,140245,162492,188706,223253,265836,311089,371055,429438,509274,578703,620204,690867,805150,878652,971963,1054609,1187779,1334575,1446166,1524125,1621969,1686557,1781977,1875932,1992054,2196255,2423321,2575981,2932117,3184340,3229799,3384656,3696132,3853478,4172512,4381817,4357015,4286486,4502886,4723527,4876258,4951061,5297251,5494532,5770733,5874779,6082399,6338625
 "06057","Nevada, CA",8,CAINC1,2,"...","Population (persons) 1/","Number of persons",25264,26593,27421,28669,31307,32975,34629,37383,40537,44623,48351,52568,56160,59087,60782,62829,65287,67718,70556,73369,76133,79172,81288,82920,83887,85185,86523,87861,89137,90170,90899,92520,93715,94647,95606,96512,97250,97549,97794,98200,98591,98790,98701,98137,97938,98572,98676,98913,99367,99508,99755
 "06057","Nevada, CA",8,CAINC1,3,"...","Per capita personal income (dollars) 2/","Dollars",3839,4083,4483,4892,5190,5723,6447,7111,7674,8315,8882,9688,10305,10496,11366,12815,13458,14353,14947,16189,17530,18266,18750,19561,20105,20919,21681,22673,24639,26875,28339,31692,33979,34125,35402,38297,39624,42773,44807,44369,43477,45580,47857,49688,50553,53740,55683,58342,59122,61125,63542
 "06059","Orange, CA",8,CAINC1,1,"...","Personal income (thousands of dollars)","Thousands of dollars",6636881,7268635,7840175,8874824,10019419,11328476,12763654,14533896,16687152,19434975,22419698,25861219,29498713,31303477,33748741,37900312,41259710,44494951,48259164,52814807,56878330,60264357,62297569,65961473,67381872,69577422,73434653,78878757,85557767,92871623,98909248,108747388,112986188,115662758,122349748,130117352,139108980,149467494,150311550,147943088,139816905,150142961,157105840,170496109,170043949,178944507,193121369,200784210,209642971,218878441,227732561
 "06059","Orange, CA",8,CAINC1,2,"...","Population (persons) 1/","Number of persons",1376796,1432621,1484217,1536789,1607146,1669064,1725693,1772685,1812147,1853136,1891962,1948067,2004806,2045925,2088886,2123362,2171930,2228895,2281486,2333101,2383920,2418986,2452691,2497014,2532639,2566599,2603678,2643996,2709277,2773187,2815933,2854513,2885457,2908245,2929376,2941711,2940055,2932261,2931629,2957593,2987177,3015171,3049271,3078068,3104950,3126537,3149280,3164986,3174289,3175973,3175692
 "06059","Orange, CA",8,CAINC1,3,"...","Per capita personal income (dollars) 2/","Dollars",4821,5074,5282,5775,6234,6787,7396,8199,9208,10488,11850,13275,14714,15300,16156,17849,18997,19963,21153,22637,23859,24913,25400,26416,26605,27109,28204,29833,31580,33489,35125,38097,39157,39771,41766,44232,47315,50973,51272,50021,46806,49796,51522,55391,54765,57234,61322,63439,66044,68917,71711
 "06061","Placer, CA",8,CAINC1,1,"...","Personal income (thousands of dollars)","Thousands of dollars",321996,358492,397642,444821,505118,581453,665262,768843,872858,1032587,1198669,1384860,1556570,1683448,1866136,2113819,2340110,2571085,2822778,3154563,3541921,3886679,4210579,4526176,4780887,5226438,5769344,6345298,7001063,7753682,8618662,9471713,10693756,11105953,12019006,13145563,13983600,15103450,15587443,16225159,15874189,16640168,17687535,18917813,19534590,20782052,22350493,23544418,24794656,26092462,27459330
 "06061","Placer, CA",8,CAINC1,2,"...","Population (persons) 1/","Number of persons",75693,78215,80905,83119,85493,88238,90854,95382,99562,107673,112758,118332,122444,126216,128535,132575,136789,141432,147363,153610,162658,175477,181611,187268,192655,199290,207071,214726,222168,231179,240928,251012,263615,276907,290726,302841,312762,321934,329023,337568,343810,350021,356328,360263,365398,369217,372841,378943,385115,392330,398329
 "06061","Placer, CA",8,CAINC1,3,"...","Per capita personal income (dollars) 2/","Dollars",4254,4583,4915,5352,5908,6590,7322,8061,8767,9590,10630,11703,12713,13338,14519,15944,17107,18179,19155,20536,21775,22149,23185,24170,24816,26225,27862,29551,31512,33540,35773,37734,40566,40107,41341,43407,44710,46915,47375,48065,46171,47540,49638,52511,53461,56287,59946,62132,64382,66506,68936
 "06063","Plumas, CA",8,CAINC1,1,"...","Personal income (thousands of dollars)","Thousands of dollars",50151,52439,55950,61313,69600,78435,90276,100414,112843,132002,149568,167947,185383,190957,210907,227825,242343,256852,271517,287599,318085,334710,357394,380611,400985,409561,417761,451113,485430,497945,517551,542205,605981,616752,652614,703111,703998,737021,751270,766243,749513,779618,782340,799882,816832,861770,888663,917886,953954,1002450,1051498
 "06063","Plumas, CA",8,CAINC1,2,"...","Population (persons) 1/","Number of persons",11637,11778,12125,12509,13139,13577,13991,14185,15077,15760,16701,17440,17808,18176,18024,18154,18606,18693,19014,19316,19410,19826,20167,20736,20931,20786,20823,20780,20853,20831,20921,20754,20820,20866,20957,21000,21010,20762,20667,20410,20169,19914,19719,19377,18895,18622,18427,18665,18660,18741,18807
 "06063","Plumas, CA",8,CAINC1,3,"...","Per capita personal income (dollars) 2/","Dollars",4310,4452,4614,4902,5297,5777,6452,7079,7484,8376,8956,9630,10410,10506,11701,12550,13025,13741,14280,14889,16388,16882,17722,18355,19157,19704,20062,21709,23279,23904,24738,26125,29106,29558,31141,33481,33508,35499,36351,37543,37162,39149,39674,41280,43230,46277,48226,49177,51123,53490,55910
 "06065","Riverside, CA",8,CAINC1,1,"...","Personal income (thousands of dollars)","Thousands of dollars",1862159,2083357,2279187,2547631,2870842,3218118,3655601,4150973,4702798,5477054,6196816,7162583,8255880,8973749,9906355,11298179,12620279,14127666,15670115,17724942,20109482,22317294,23056726,24204819,25031722,25797458,26843027,28296188,30054214,32969803,35090492,38114941,41422245,43885588,47762733,52095785,56839027,62361039,65561491,66718107,65363159,67585240,71936625,74050799,76519738,80776153,86196663,90713807,94542096,99266122,104794676
 "06065","Riverside, CA",8,CAINC1,2,"...","Population (persons) 1/","Number of persons",450477,460682,477557,493221,497917,515875,528632,548029,577957,611852,640044,669473,693249,719842,746898,783202,825685,871209,930059,995977,1084568,1193156,1246326,1286364,1315090,1346651,1373034,1393732,1423934,1461916,1507912,1558985,1616634,1687147,1771656,1856542,1931785,2012370,2075183,2109712,2146725,2201576,2234070,2261204,2286755,2316162,2345816,2380081,2414964,2445789,2470546
 "06065","Riverside, CA",8,CAINC1,3,"...","Per capita personal income (dollars) 2/","Dollars",4134,4522,4773,5165,5766,6238,6915,7574,8137,8952,9682,10699,11909,12466,13263,14426,15285,16216,16849,17797,18541,18704,18500,18816,19034,19157,19550,20302,21106,22552,23271,24449,25623,26012,26959,28061,29423,30989,31593,31624,30448,30699,32200,32748,33462,34875,36745,38114,39148,40587,42418
 "06067","Sacramento, CA",8,CAINC1,1,"...","Personal income (thousands of dollars)","Thousands of dollars",2732854,3052926,3339607,3659320,3998873,4463517,4994713,5537299,6145803,7013224,7919180,8801458,9737978,10497916,11346428,12680000,14084445,15353717,16576794,18021793,19840503,21680967,22878059,24149993,24530951,25624032,27129856,28024333,29539530,31688188,33709426,36884591,40123445,41900180,44389556,46809718,48651899,51382516,53465780,55075007,53983044,55136680,57937285,60247321,62632334,66721398,71615866,74321409,77459778,81589289,85775621
 "06067","Sacramento, CA",8,CAINC1,2,"...","Population (persons) 1/","Number of persons",618673,637288,653795,669351,669930,683553,697353,711755,727571,748281,768490,788275,806297,832148,852626,869581,891113,916044,948523,979279,1008753,1075819,1107559,1121523,1127608,1130094,1140825,1155635,1169855,1186617,1206659,1229940,1266257,1301079,1328531,1348932,1360816,1369563,1381161,1394438,1408601,1421383,1433730,1444852,1457341,1474917,1493674,1510987,1527301,1538746,1552058
 "06067","Sacramento, CA",8,CAINC1,3,"...","Per capita personal income (dollars) 2/","Dollars",4417,4790,5108,5467,5969,6530,7162,7780,8447,9372,10305,11165,12077,12615,13308,14582,15805,16761,17476,18403,19668,20153,20656,21533,21755,22674,23781,24250,25251,26705,27936,29989,31687,32204,33413,34701,35752,37517,38711,39496,38324,38791,40410,41698,42977,45237,47946,49187,50717,53023,55266
 "06069","San Benito, CA",8,CAINC1,1,"...","Personal income (thousands of dollars)","Thousands of dollars",76759,76426,82790,93200,110675,119785,129632,139362,163607,182927,204610,247697,272003,298892,330883,374797,405556,449223,490224,539333,597806,650233,671811,717687,780398,836636,925313,1012952,1145755,1277643,1392879,1581496,1523108,1533316,1610953,1685941,1745018,1871955,2006244,2007694,1973206,1993727,2099641,2186195,2317864,2431930,2662322,2861099,3038759,3235448,3470822
 "06069","San Benito, CA",8,CAINC1,2,"...","Population (persons) 1/","Number of persons",18103,18249,18673,19087,19658,20202,20916,21870,22757,23638,24319,25194,25905,26916,27758,28959,30392,31649,32952,34374,36137,36835,37329,38321,39495,40786,42334,44169,46707,49071,51467,53781,54644,55056,55198,54849,54647,54124,54072,54267,54436,55516,55977,56599,57239,57825,58216,59225,60164,61467,62808
 "06069","San Benito, CA",8,CAINC1,3,"...","Per capita personal income (dollars) 2/","Dollars",4240,4188,4434,4883,5630,5929,6198,6372,7189,7739,8414,9832,10500,11105,11920,12942,13344,14194,14877,15690,16543,17653,17997,18728,19759,20513,21857,22934,24531,26037,27064,29406,27873,27850,29185,30738,31933,34586,37103,36997,36248,35913,37509,38626,40494,42057,45732,48309,50508,52637,55261
 "06071","San Bernardino, CA",8,CAINC1,1,"...","Personal income (thousands of dollars)","Thousands of dollars",2541741,2827361,3047138,3400374,3743575,4207615,4758535,5355557,5994319,6889969,7823431,9005541,10304066,11079952,12141951,13551047,15134028,16727342,18523952,20359750,22546611,24851012,25845047,27061878,27600340,28308946,29258132,30480040,32238233,34703665,36609102,39100562,41856205,44093173,47272702,51240708,54332223,57650232,59958188,60408775,58646263,60341644,64031994,65821308,67738305,72118958,76919474,80401688,83401792,86995697,91658300
 "06071","San Bernardino, CA",8,CAINC1,2,"...","Population (persons) 1/","Number of persons",671688,682857,693604,696255,704268,713868,719939,734488,769670,823881,856803,902956,932934,966760,996565,1027817,1072242,1124169,1192197,1271189,1352911,1437315,1492824,1534977,1549427,1558854,1576773,1596584,1618438,1646304,1681601,1718037,1760731,1799791,1846115,1899065,1943924,1974140,1992161,2003735,2013960,2040848,2060827,2073512,2082738,2099181,2115411,2131960,2150945,2166753,2180085
 "06071","San Bernardino, CA",8,CAINC1,3,"...","Per capita personal income (dollars) 2/","Dollars",3784,4140,4393,4884,5316,5894,6610,7292,7788,8363,9131,9973,11045,11461,12184,13184,14114,14880,15538,16016,16665,17290,17313,17630,17813,18160,18556,19091,19919,21080,21770,22759,23772,24499,25607,26982,27950,29203,30097,30148,29120,29567,31071,31744,32524,34356,36361,37713,38774,40150,42043
 "06073","San Diego, CA",8,CAINC1,1,"...","Personal income (thousands of dollars)","Thousands of dollars",6339971,7021079,7542007,8389601,9259626,10346671,11572053,12917968,14430966,16558724,18772293,21673970,24710161,26771408,28899057,32418187,35569628,38773644,41871173,46018825,50000601,52763858,55032226,57832374,59175096,60899000,63689849,67919229,72640103,80410168,87075502,95624636,98453972,102575427,108381465,117414237,122936302,129551891,133272764,136390559,131877187,136969778,145975037,153367801,158965053,169638087,179862110,186813359,193892473,203855654,212748650
 "06073","San Diego, CA",8,CAINC1,2,"...","Population (persons) 1/","Number of persons",1340989,1365976,1391925,1433126,1499594,1540667,1616907,1642781,1715527,1775410,1827602,1875620,1927018,1972354,2018133,2066419,2126090,2196834,2275309,2364284,2444380,2512365,2553122,2593126,2599776,2614685,2623697,2651549,2692600,2736720,2789593,2827366,2869672,2900355,2914702,2930007,2938375,2947289,2975742,3022116,3061203,3103212,3137156,3174335,3209768,3248877,3280850,3306089,3321237,3333861,3338330
 "06073","San Diego, CA",8,CAINC1,3,"...","Per capita personal income (dollars) 2/","Dollars",4728,5140,5418,5854,6175,6716,7157,7863,8412,9327,10272,11556,12823,13573,14320,15688,16730,17650,18402,19464,20455,21002,21555,22302,22762,23291,24275,25615,26978,29382,31214,33821,34308,35367,37184,40073,41838,43956,44786,45131,43080,44138,46531,48315,49525,52214,54822,56506,58380,61147,63729
 "06075","San Francisco, CA",8,CAINC1,1,"...","Personal income (thousands of dollars)","Thousands of dollars",4303674,4650734,4930322,5283807,5615079,6114566,6678535,7180905,7805609,8565004,9402800,10356914,11676095,12458761,13555431,14897365,15777448,16827295,17495054,19447280,20227045,21213180,22633402,23563588,24191204,24863059,27066266,29065413,30765854,34802207,37972814,44156472,44320481,42828779,42923500,45797286,50417496,56069638,59093230,60213585,58239940,61873015,66639421,74056248,75921009,85104701,93367580,100638796,107745152,117419004,122892141
 "06075","San Francisco, CA",8,CAINC1,2,"...","Population (persons) 1/","Number of persons",726294,712874,708077,700199,699954,698372,686069,686114,679424,677663,675835,680830,686915,695546,704809,713196,727977,737396,736499,730471,725889,723496,729708,734861,740277,742316,746386,753934,762953,770262,774716,777885,780865,772723,766160,761325,763016,768650,778673,791152,801922,805505,815650,828876,839572,850750,863010,871512,878040,880696,881549
 "06075","San Francisco, CA",8,CAINC1,3,"...","Per capita personal income (dollars) 2/","Dollars",5926,6524,6963,7546,8022,8755,9734,10466,11489,12639,13913,15212,16998,17912,19233,20888,21673,22820,23754,26623,27865,29320,31017,32065,32679,33494,36263,38552,40325,45182,49015,56765,56758,55426,56024,60155,66077,72946,75890,76109,72625,76813,81701,89345,90428,100035,108188,115476,122711,133325,139405
 "06077","San Joaquin, CA",8,CAINC1,1,"...","Personal income (thousands of dollars)","Thousands of dollars",1186141,1278250,1390528,1528236,1704543,1936888,2130146,2320183,2556555,2868968,3245393,3690850,4075817,4347135,4579513,5152677,5582735,6027045,6557228,7080526,7667579,8146661,8542060,9149223,9543968,9904668,10231273,10809337,11536532,12277224,13091898,14275791,15603664,16327635,17465538,18672580,19744981,20892787,21597355,21699463,21764015,22508045,23239836,24068159,25073348,26791397,28984215,30502705,31900044,33634157,35926949
 "06077","San Joaquin, CA",8,CAINC1,2,"...","Population (persons) 1/","Number of persons",284769,291488,296167,300221,303896,306658,309750,317671,320840,332685,338384,350304,361462,373479,385721,398731,416042,430786,445726,457138,466863,484131,492694,500278,506385,512212,517923,524657,531908,540257,552424,567885,591207,609041,626778,642898,656985,662812,668080,671692,677736,687127,694354,699593,702046,711579,722271,732809,743296,752491,762148
 "06077","San Joaquin, CA",8,CAINC1,3,"...","Per capita personal income (dollars) 2/","Dollars",4165,4385,4695,5090,5609,6316,6877,7304,7968,8624,9591,10536,11276,11640,11873,12923,13419,13991,14711,15489,16424,16827,17337,18288,18847,19337,19754,20603,21689,22725,23699,25139,26393,26809,27866,29044,30054,31521,32327,32306,32113,32757,33470,34403,35715,37651,40129,41624,42917,44697,47139
 "06079","San Luis Obispo, CA",8,CAINC1,1,"...","Personal income (thousands of dollars)","Thousands of dollars",370319,410874,455874,513809,581196,673901,767457,874841,975928,1152991,1312402,1486564,1672093,1796170,2166411,2382952,2551924,2778742,3019418,3313775,3667188,3833545,4009496,4249317,4403078,4571999,4835554,5211367,5670563,6124204,6487638,7046870,7675246,7956612,8285424,8841143,9229260,9992924,10578699,10601675,10472516,10855099,11573567,12247840,12673213,13546769,14509065,14937322,15700229,16465164,17270828
 "06079","San Luis Obispo, CA",8,CAINC1,2,"...","Population (persons) 1/","Number of persons",102648,106280,109301,115484,119843,125535,126456,134260,138635,145914,150850,156786,161886,166563,171365,177566,185248,192497,199345,204261,213314,218276,219895,221848,223370,226228,229370,232976,236601,240020,243480,247839,251462,253083,254674,256842,258615,260498,262770,266358,268145,269802,271058,274160,275696,278227,280077,281803,282481,283354,283111
 "06079","San Luis Obispo, CA",8,CAINC1,3,"...","Per capita personal income (dollars) 2/","Dollars",3608,3866,4171,4449,4850,5368,6069,6516,7040,7902,8700,9481,10329,10784,12642,13420,13776,14435,15147,16223,17192,17563,18234,19154,19712,20210,21082,22369,23967,25515,26645,28433,30522,31439,32533,34422,35687,38361,40258,39802,39055,40234,42698,44674,45968,48690,51804,53006,55580,58108,61004
 "06081","San Mateo, CA",8,CAINC1,1,"...","Personal income (thousands of dollars)","Thousands of dollars",3123287,3396500,3614125,3903300,4242250,4686917,5203716,5657978,6173345,6914238,7736953,8793648,10013704,10779316,11637853,13005025,13808024,14614283,15410796,16788612,18167272,19059475,19840936,20998255,21987267,22916839,24645054,27561377,28819204,32233493,36726894,43141020,41186073,38409293,38708440,41591638,45025163,50007180,53029225,53107352,51150027,53119246,58201382,65112565,65680513,71027331,78524600,82680553,90766229,98568258,102803127
 "06081","San Mateo, CA",8,CAINC1,2,"...","Population (persons) 1/","Number of persons",552230,557022,556302,559525,567149,568431,575390,580571,581775,582630,585612,588442,591734,595851,606455,613706,620182,621584,628256,636614,646078,650174,655493,662931,669581,674871,679690,687243,697512,702651,704538,707820,705621,697628,693057,690161,690078,690176,693849,703830,713617,719699,728344,739224,748661,757204,765055,767906,768901,768681,766573
 "06081","San Mateo, CA",8,CAINC1,3,"...","Per capita personal income (dollars) 2/","Dollars",5656,6098,6497,6976,7480,8245,9044,9746,10611,11867,13212,14944,16923,18091,19190,21191,22264,23511,24529,26372,28119,29314,30269,31675,32837,33957,36259,40104,41317,45874,52129,60949,58369,55057,55852,60264,65246,72456,76428,75455,71677,73808,79909,88082,87731,93802,102639,107670,118047,128230,134107
 "06083","Santa Barbara, CA",8,CAINC1,1,"...","Personal income (thousands of dollars)","Thousands of dollars",1241440,1338257,1429790,1570222,1743627,1920803,2119517,2347422,2583164,2951811,3314174,3773852,4302836,4651106,5036726,5669668,6103760,6499147,6868749,7424092,8026689,8303443,8770037,9134464,9333973,9654421,9863506,10319542,10720989,11682101,12312124,13439165,13693912,13672131,14404090,16110255,17055537,18445101,18945048,19018816,18588730,19354013,20800742,22010076,22040352,23608278,25225688,25591726,26670875,28224056,29502767
 "06083","Santa Barbara, CA",8,CAINC1,2,"...","Population (persons) 1/","Number of persons",261991,265291,269930,276957,277414,278431,282626,286075,290381,295397,295423,300191,305588,313073,322294,329133,338569,345651,352021,355810,365695,370565,374910,378003,380064,384226,384582,386108,391290,394738,396906,399990,403164,405178,406810,407284,408079,408085,411243,415859,420356,424231,425453,429699,434601,439045,442229,444340,445298,445780,446499
 "06083","Santa Barbara, CA",8,CAINC1,3,"...","Per capita personal income (dollars) 2/","Dollars",4738,5044,5297,5670,6285,6899,7499,8206,8896,9993,11218,12572,14081,14856,15628,17226,18028,18803,19512,20865,21949,22408,23392,24165,24559,25127,25647,26727,27399,29595,31020,33599,33966,33744,35407,39555,41795,45199,46068,45734,44221,45621,48891,51222,50714,53772,57042,57595,59894,63314,66076
 "06085","Santa Clara, CA",8,CAINC1,1,"...","Personal income (thousands of dollars)","Thousands of dollars",5049817,5457701,5873789,6517149,7271881,8156913,9058941,10109837,11317283,12996517,15046841,17354451,19716422,21602443,23832046,26633678,28282032,29354409,31164361,34126180,36627843,38415902,40001490,43033325,43837274,45631137,50281159,54703593,60671253,65694738,73752951,92142918,86741857,81242642,81818987,84550951,89516476,98745276,107101647,107075210,100784802,109540410,120338331,133817867,136162493,149637020,165193486,179037575,194585963,213221976,223624580
 "06085","Santa Clara, CA",8,CAINC1,2,"...","Population (persons) 1/","Number of persons",1033442,1071425,1100482,1138754,1163918,1164621,1192772,1206702,1231639,1260365,1271379,1301515,1324722,1345039,1374018,1396226,1419520,1429933,1447591,1472234,1498121,1498307,1513118,1531886,1549185,1561366,1580245,1608695,1637414,1658960,1671498,1684947,1688082,1669348,1663592,1663167,1675312,1691159,1712026,1740964,1765137,1786040,1812054,1837853,1866425,1891753,1916285,1928368,1932510,1932337,1927852
 "06085","Santa Clara, CA",8,CAINC1,3,"...","Per capita personal income (dollars) 2/","Dollars",4886,5094,5337,5723,6248,7004,7595,8378,9189,10312,11835,13334,14883,16061,17345,19075,19924,20529,21528,23180,24449,25640,26436,28092,28297,29225,31819,34005,37053,39600,44124,54686,51385,48667,49182,50837,53433,58389,62558,61503,57097,61331,66410,72812,72954,79100,86205,92844,100691,110344,115997
 "06087","Santa Cruz, CA",8,CAINC1,1,"...","Personal income (thousands of dollars)","Thousands of dollars",508952,558375,623329,707795,820147,937464,1063053,1217157,1397624,1611473,1837404,2135900,2424888,2594812,2917647,3238443,3433684,3683657,3951216,4325897,4591240,4982518,5180197,5538322,5753255,5977393,6380484,6871429,7418152,8035408,8852276,10257811,10174561,9961919,10065166,10448880,10529273,11165533,11743901,12118170,11824714,12794043,13299282,14165234,14532865,15313560,16249937,16730037,17791731,18697119,19559977
 "06087","Santa Cruz, CA",8,CAINC1,2,"...","Population (persons) 1/","Number of persons",122243,124788,129886,141878,145347,149828,158622,168026,175132,174865,184041,189305,193590,197353,201921,205964,212143,216661,221202,225700,231463,229616,229935,232912,235386,237714,239324,241168,245344,250889,253667,255835,256045,254531,253021,252356,251377,251616,253304,256520,260009,263147,264858,266340,268816,270861,273503,274396,274856,273841,273213
 "06087","Santa Cruz, CA",8,CAINC1,3,"...","Per capita personal income (dollars) 2/","Dollars",4163,4475,4799,4989,5643,6257,6702,7244,7980,9216,9984,11283,12526,13148,14449,15723,16186,17002,17862,19167,19836,21699,22529,23779,24442,25145,26660,28492,30236,32028,34897,40095,39737,39138,39780,41405,41886,44375,46363,47241,45478,48619,50213,53185,54062,56537,59414,60970,64731,68277,71592
 "06089","Shasta, CA",8,CAINC1,1,"...","Personal income (thousands of dollars)","Thousands of dollars",289574,315205,348129,382075,434362,497975,562845,646233,728667,851500,974419,1083423,1179141,1260842,1371034,1513727,1615823,1744320,1897407,2093170,2323011,2541648,2713034,2896498,3010702,3135342,3249393,3378817,3562687,3763851,3938303,4195219,4611269,4795726,4969893,5139478,5255837,5603724,5823380,5869863,5864920,6137606,6315796,6471067,6633514,7098384,7549180,7785786,8037785,8372513,8722632
 "06089","Shasta, CA",8,CAINC1,2,"...","Population (persons) 1/","Number of persons",76290,77980,79434,80656,84249,86651,92082,94909,100157,103572,112199,116590,120270,121513,122807,125322,128461,130119,132958,136627,140997,148606,153746,156800,157735,158621,159198,159737,160761,162034,161987,163615,166408,170198,173202,174867,175615,176166,176548,177247,177279,177274,177588,177875,178397,178844,178314,178571,179384,179709,180080
 "06089","Shasta, CA",8,CAINC1,3,"...","Per capita personal income (dollars) 2/","Dollars",3796,4042,4383,4737,5156,5747,6112,6809,7275,8221,8685,9293,9804,10376,11164,12079,12578,13406,14271,15320,16476,17103,17646,18473,19087,19766,20411,21152,22161,23229,24312,25641,27711,28177,28694,29391,29928,31809,32985,33117,33083,34622,35564,36380,37184,39690,42336,43601,44808,46589,48438
 "06091","Sierra, CA",8,CAINC1,1,"...","Personal income (thousands of dollars)","Thousands of dollars",9138,9670,12820,12259,14952,15508,16473,20212,21277,23052,26341,29394,30397,33143,36238,39452,43911,46687,48679,51075,54300,51152,53044,57086,61239,61897,64494,69486,73875,77104,81122,84843,91204,86649,89013,90083,90792,92103,95109,94457,95946,102771,105389,111295,112645,119788,119088,124018,131080,136065,141972
 "06091","Sierra, CA",8,CAINC1,2,"...","Population (persons) 1/","Number of persons",2387,2391,2444,2381,2469,2470,2699,2862,2898,2887,3037,3076,3083,3276,3292,3273,3270,3237,3251,3328,3310,3323,3336,3322,3395,3396,3466,3498,3488,3515,3480,3574,3518,3482,3511,3430,3378,3424,3373,3320,3248,3220,3098,3067,3028,2972,2985,2951,3002,2997,3005
 "06091","Sierra, CA",8,CAINC1,3,"...","Per capita personal income (dollars) 2/","Dollars",3828,4044,5245,5149,6056,6279,6103,7062,7342,7985,8673,9556,9860,10117,11008,12054,13428,14423,14974,15347,16405,15393,15900,17184,18038,18226,18608,19864,21180,21936,23311,23739,25925,24885,25353,26263,26877,26899,28197,28451,29540,31916,34018,36288,37201,40306,39895,42026,43664,45400,47245
 "06093","Siskiyou, CA",8,CAINC1,1,"...","Personal income (thousands of dollars)","Thousands of dollars",130861,137628,149097,161325,191902,205815,225824,254946,267553,308623,344584,400022,414540,431378,454416,487601,504388,531836,561115,600111,651128,684812,720214,743527,771125,799885,823423,866039,892634,944449,970109,1025859,1089924,1127823,1162468,1239866,1235977,1311942,1362331,1438195,1398470,1440784,1530066,1549644,1577558,1682192,1832806,1892997,1946217,2008871,2090773
 "06093","Siskiyou, CA",8,CAINC1,2,"...","Population (persons) 1/","Number of persons",33022,33258,33382,33514,34318,34568,34947,35639,36581,37647,38781,39952,40757,41279,41212,41267,41586,41178,41403,42026,42851,43743,44035,44298,44150,44405,44760,44707,45030,44848,44424,44218,43908,43965,44287,44394,44641,44487,44465,44780,44788,44938,44615,44079,43532,43338,43254,43376,43622,43550,43539
 "06093","Siskiyou, CA",8,CAINC1,3,"...","Per capita personal income (dollars) 2/","Dollars",3963,4138,4466,4814,5592,5954,6462,7154,7314,8198,8885,10013,10171,10450,11026,11816,12129,12916,13553,14280,15195,15655,16355,16785,17466,18013,18396,19371,19823,21059,21837,23200,24823,25653,26249,27929,27687,29490,30638,32117,31224,32062,34295,35156,36239,38816,42373,43642,44615,46128,48021
 "06095","Solano, CA",8,CAINC1,1,"...","Personal income (thousands of dollars)","Thousands of dollars",706139,786126,873836,959760,1061626,1215018,1381732,1522717,1709435,1964146,2210169,2529292,2844830,3126582,3450873,3832150,4257748,4653790,5037305,5505874,6104537,6823378,7095025,7490595,7767482,7796480,8006341,8331433,8865485,9485542,10158503,11266092,12238496,12658902,13157300,13591289,14004876,14769932,15377807,15630561,15394761,15615400,16250976,16603091,17356635,18272859,19580778,20717177,21551350,22623154,23951255
 "06095","Solano, CA",8,CAINC1,2,"...","Population (persons) 1/","Number of persons",168394,173238,178481,181259,183223,187439,191535,197971,204713,213619,224455,237456,246003,254348,260386,264416,271634,283617,296835,310048,326074,343463,354104,359919,364251,366072,365395,367608,371881,378657,387657,396974,404209,408226,408409,409301,408181,408402,408243,408972,410290,413967,416342,419674,423659,429006,433409,438858,443511,445725,447643
 "06095","Solano, CA",8,CAINC1,3,"...","Per capita personal income (dollars) 2/","Dollars",4193,4538,4896,5295,5794,6482,7214,7692,8350,9195,9847,10652,11564,12293,13253,14493,15675,16409,16970,17758,18721,19866,20037,20812,21325,21298,21911,22664,23840,25050,26205,28380,30278,31010,32216,33206,34310,36165,37668,38219,37522,37721,39033,39562,40968,42593,45179,47207,48593,50756,53505
 "06097","Sonoma, CA",8,CAINC1,1,"...","Personal income (thousands of dollars)","Thousands of dollars",863519,957026,1063234,1205719,1370646,1552265,1773564,2023175,2289555,2664526,3043203,3477261,3965958,4236873,4650295,5220940,5668660,6130011,6575465,7211764,8058225,8677571,9067260,9587374,10061979,10550598,11021041,11878837,12984551,14085747,14924670,17018116,17796316,17812588,18066793,18316645,18884982,20207180,20870304,20654025,20055408,20830579,21965851,22991360,24016769,25701006,27766194,28835169,30161812,31612355,32972432
 "06097","Sonoma, CA",8,CAINC1,2,"...","Population (persons) 1/","Number of persons",200920,206003,212402,224091,237957,243028,253255,262654,273175,281442,291859,301586,308609,314636,321580,326863,335355,345270,356111,367893,380633,390495,397937,405151,410687,416152,422286,428399,437141,445901,453421,460421,465293,465298,466489,466809,465938,465188,467356,473091,479479,484755,487421,489993,494073,498560,500863,502547,502469,498643,494336
 "06097","Sonoma, CA",8,CAINC1,3,"...","Per capita personal income (dollars) 2/","Dollars",4298,4646,5006,5380,5760,6387,7003,7703,8381,9467,10427,11530,12851,13466,14461,15973,16903,17754,18465,19603,21171,22222,22786,23664,24500,25353,26099,27728,29703,31589,32916,36962,38248,38282,38729,39238,40531,43439,44656,43658,41828,42971,45065,46922,48610,51550,55437,57378,60027,63397,66700
 "06099","Stanislaus, CA",8,CAINC1,1,"...","Personal income (thousands of dollars)","Thousands of dollars",716148,790180,854198,963489,1102270,1255143,1389427,1557694,1806559,2021879,2301197,2594554,2876552,3101512,3292851,3676102,4024487,4345529,4773624,5207829,5750412,6278916,6621270,6985482,7278578,7461839,7689849,8220856,8792202,9549489,10020650,10933692,11611418,12227609,12885677,13848266,14393550,15016155,15762807,15958173,15778487,16545238,17294715,18018958,18520025,20154943,21651651,22435251,23200411,23915119,25188224
 "06099","Stanislaus, CA",8,CAINC1,2,"...","Population (persons) 1/","Number of persons",191271,195578,199698,201644,215178,222484,229518,236293,246995,247280,260933,267852,275137,280737,288504,293879,301285,311154,323380,336063,353017,375312,386163,394725,401805,406274,410337,415159,421264,428754,438609,449471,463761,477469,487357,492613,500020,504651,507834,509032,511536,515145,517560,520424,523451,528015,533211,539255,544717,548126,550660
 "06099","Stanislaus, CA",8,CAINC1,3,"...","Per capita personal income (dollars) 2/","Dollars",3744,4040,4277,4778,5123,5641,6054,6592,7314,8176,8819,9687,10455,11048,11414,12509,13358,13966,14762,15497,16289,16730,17146,17697,18115,18367,18740,19802,20871,22273,22846,24326,25038,25609,26440,28112,28786,29756,31039,31350,30845,32118,33416,34624,35381,38171,40606,41604,42592,43631,45742
 "06101","Sutter, CA",8,CAINC1,1,"...","Personal income (thousands of dollars)","Thousands of dollars",192421,204339,224528,250572,291808,342946,372788,372426,417274,454381,502103,584279,638323,637210,654465,756029,822175,851593,916096,976389,1074611,1126275,1247510,1348397,1412370,1507115,1577045,1638652,1707884,1831629,1985946,2066518,2067120,2152646,2314648,2501341,2614825,2857866,3064968,3239454,3283378,3308790,3413655,3395687,3553083,3651990,3947199,4079715,4157433,4371932,4616298
 "06101","Sutter, CA",8,CAINC1,2,"...","Population (persons) 1/","Number of persons",41775,42140,43040,43177,45051,46202,47419,48687,49473,50050,51681,52580,53818,55230,56762,56648,57599,58478,59780,61075,62704,64854,67153,69118,70675,72641,74253,75255,76314,76923,78216,79192,80138,82162,84671,86484,88764,91112,92959,93855,94366,94751,94482,94189,94507,94778,95282,95742,96204,96348,96971
 "06101","Sutter, CA",8,CAINC1,3,"...","Per capita personal income (dollars) 2/","Dollars",4606,4849,5217,5803,6477,7423,7862,7649,8434,9079,9715,11112,11861,11537,11530,13346,14274,14563,15324,15987,17138,17366,18577,19509,19984,20747,21239,21775,22380,23811,25391,26095,25795,26200,27337,28923,29458,31367,32971,34516,34794,34921,36130,36052,37596,38532,41426,42612,43215,45376,47605
 "06103","Tehama, CA",8,CAINC1,1,"...","Personal income (thousands of dollars)","Thousands of dollars",107513,114847,120165,131773,153083,161279,172576,196016,226656,264955,297956,337360,366382,399836,423700,458111,488210,519052,546480,588821,636776,668565,702202,759151,779289,811144,853583,909165,952148,982626,1032850,1104904,1196809,1260941,1328382,1424748,1522449,1595813,1703411,1709929,1756158,1829373,1930854,2023641,2055059,2220914,2363202,2422791,2564435,2654778,2816049
 "06103","Tehama, CA",8,CAINC1,2,"...","Population (persons) 1/","Number of persons",29044,29614,30115,29971,30922,31880,32307,33357,34500,35936,37321,39165,40196,41329,42260,43203,44325,44845,45982,47173,48558,49913,51205,52189,52690,53670,54689,54943,55049,55394,55517,56170,56685,57380,58528,59571,60602,61587,62147,62648,62891,63559,63331,63212,62875,62801,63158,63453,63847,64018,65084
 "06103","Tehama, CA",8,CAINC1,3,"...","Per capita personal income (dollars) 2/","Dollars",3702,3878,3990,4397,4951,5059,5342,5876,6570,7373,7984,8614,9115,9674,10026,10604,11014,11574,11885,12482,13114,13395,13714,14546,14790,15114,15608,16547,17296,17739,18604,19671,21113,21975,22697,23917,25122,25912,27409,27294,27924,28782,30488,32014,32685,35364,37417,38182,40165,41469,43268
 "06105","Trinity, CA",8,CAINC1,1,"...","Personal income (thousands of dollars)","Thousands of dollars",24847,26082,31386,35153,42406,48621,55034,62394,69833,79503,88608,99886,109652,112625,124185,133594,142174,151699,157590,171052,182730,188467,195575,208650,214451,219816,227387,237493,243477,248770,260617,270121,291370,301267,313120,324079,316608,326196,346063,361862,368686,382621,392260,394857,407855,439486,474720,481650,488465,517557,534037
 "06105","Trinity, CA",8,CAINC1,2,"...","Population (persons) 1/","Number of persons",7261,7687,7939,8273,8763,9096,9594,9855,10511,11178,11600,11955,12323,12316,12467,12750,12881,12811,12715,13051,13145,13052,13097,13216,13268,13552,13525,13485,13278,13171,13050,12980,12859,13064,13210,13159,13440,13634,13648,13656,13762,13755,13685,13489,13427,13128,13094,12828,12726,12567,12285
 "06105","Trinity, CA",8,CAINC1,3,"...","Per capita personal income (dollars) 2/","Dollars",3422,3393,3953,4249,4839,5345,5736,6331,6644,7112,7639,8355,8898,9145,9961,10478,11037,11841,12394,13106,13901,14440,14933,15788,16163,16220,16812,17612,18337,18888,19971,20811,22659,23061,23703,24628,23557,23925,25356,26498,26790,27817,28664,29273,30376,33477,36255,37547,38383,41184,43471
 "06107","Tulare, CA",8,CAINC1,1,"...","Personal income (thousands of dollars)","Thousands of dollars",639343,699055,759398,861181,1020924,1185031,1262161,1413389,1555218,1774904,2100902,2324712,2447435,2638801,2712227,2983245,3151598,3369613,3721174,3978308,4240546,4685596,4808049,5357044,5506271,5771675,5895436,6353185,6476071,6944592,7200327,7416105,8156663,8405962,9145026,10130256,10660604,10984316,12410883,12487995,12301323,13499399,14430180,14527927,14920564,16527115,17006585,17752145,18339648,18679327,19973932
 "06107","Tulare, CA",8,CAINC1,2,"...","Population (persons) 1/","Number of persons",185701,189191,194103,197643,201805,206589,213115,219123,225906,233220,240074,247426,253694,259759,267034,273255,280000,285767,291752,298075,304451,314062,323705,331956,339253,345668,348127,350732,354946,359854,364708,368627,373171,379568,388743,398226,407970,414921,422140,429283,436987,442969,446784,449779,452460,455138,457161,459235,462308,464589,466195
 "06107","Tulare, CA",8,CAINC1,3,"...","Per capita personal income (dollars) 2/","Dollars",3443,3695,3912,4357,5059,5736,5922,6450,6884,7610,8751,9396,9647,10159,10157,10917,11256,11791,12755,13347,13929,14919,14853,16138,16231,16697,16935,18114,18245,19298,19743,20118,21858,22146,23525,25438,26131,26473,29400,29090,28150,30475,32298,32300,32977,36312,37200,38656,39670,40206,42845
 "06109","Tuolumne, CA",8,CAINC1,1,"...","Personal income (thousands of dollars)","Thousands of dollars",78490,84142,89915,95077,106182,127448,153240,182230,210213,244246,276939,316566,352255,371766,404684,451362,496067,553110,595685,647910,723581,790521,804781,874378,901177,934010,959701,1008539,1073237,1159050,1205364,1317977,1430970,1469609,1544695,1633412,1688141,1761890,1818530,1842268,1808095,1909171,2000659,2038193,2027707,2171388,2318865,2431289,2474595,2560943,2660741
 "06109","Tuolumne, CA",8,CAINC1,2,"...","Population (persons) 1/","Number of persons",21286,22360,23057,23264,24173,24871,25964,26520,28441,30775,32850,34205,35246,36259,37255,38058,39741,41583,43335,45029,46877,48845,50037,50806,51774,52068,51812,52474,52678,53098,53857,54658,55253,55850,56513,56602,56788,56680,56339,56320,55845,55190,54830,54221,53997,53851,53615,53770,53976,54387,54478
 "06109","Tuolumne, CA",8,CAINC1,3,"...","Per capita personal income (dollars) 2/","Dollars",3687,3763,3900,4087,4393,5124,5902,6871,7391,7937,8430,9255,9994,10253,10863,11860,12482,13301,13746,14389,15436,16184,16084,17210,17406,17938,18523,19220,20374,21829,22381,24113,25899,26314,27333,28858,29727,31085,32278,32711,32377,34593,36488,37590,37552,40322,43250,45216,45846,47087,48841
 "06111","Ventura, CA",8,CAINC1,1,"...","Personal income (thousands of dollars)","Thousands of dollars",1567032,1675029,1846661,2086155,2368468,2697313,3067325,3415649,3925078,4631103,5233301,6075966,6889811,7502143,8134982,9076701,9880063,10817704,11796155,12944377,13967127,14970554,15621492,16207128,16983115,17665815,18835782,19600729,21018291,21997836,23568058,25794754,27329236,28131365,29771089,31888322,33142995,35541861,36905439,37148453,36251505,37882017,39898290,41683974,42286159,44695387,46970746,48525841,50067967,52500391,54749053
 "06111","Ventura, CA",8,CAINC1,2,"...","Population (persons) 1/","Number of persons",369811,381174,395691,408523,419461,433885,448918,460485,478695,494086,512189,532827,546389,562142,575586,588790,602819,615422,632062,650851,664692,670117,675706,684143,689943,698509,703486,710215,721107,730779,743357,756506,766689,779489,788070,793994,794197,798183,800027,806353,815130,825097,830099,833516,838136,842297,845802,847323,849044,848142,846006
 "06111","Ventura, CA",8,CAINC1,3,"...","Per capita personal income (dollars) 2/","Dollars",4237,4394,4667,5107,5646,6217,6833,7418,8200,9373,10218,11403,12610,13346,14133,15416,16390,17578,18663,19888,21013,22340,23119,23690,24615,25291,26775,27598,29147,30102,31705,34097,35646,36089,37777,40162,41731,44528,46130,46070,44473,45912,48064,50010,50453,53064,55534,57270,58970,61900,64715
 "06113","Yolo, CA",8,CAINC1,1,"...","Personal income (thousands of dollars)","Thousands of dollars",404488,437451,487665,549040,618977,725770,792473,813956,924586,1019804,1149038,1313377,1427335,1478287,1529822,1734634,1856363,2006598,2177899,2301557,2583219,2848002,2982937,3101886,3193717,3416154,3625120,3761802,4003633,4180964,4445559,4733824,5250616,5467242,5825883,6225751,6482041,7056869,7567629,7935981,7916259,8083483,8771564,9070848,9386687,9990719,10660604,11034896,11372235,11821166,12375073
 "06113","Yolo, CA",8,CAINC1,2,"...","Population (persons) 1/","Number of persons",89817,92144,95307,101668,97694,99899,102227,101389,105909,111100,109575,113791,115238,117748,119398,120861,123769,125166,128526,133311,138252,142214,145100,146568,148165,149972,152628,155359,158876,161743,165269,169835,175337,180327,182954,185237,186269,189615,194339,197154,199791,201073,201954,204576,206292,208398,212037,215627,218477,220118,220500
 "06113","Yolo, CA",8,CAINC1,3,"...","Per capita personal income (dollars) 2/","Dollars",4503,4747,5117,5400,6336,7265,7752,8028,8730,9179,10486,11542,12386,12555,12813,14352,14999,16031,16945,17265,18685,20026,20558,21163,21555,22779,23751,24214,25200,25849,26899,27873,29946,30318,31843,33610,34799,37217,38940,40253,39623,40202,43433,44340,45502,47941,50277,51176,52052,53704,56123
 "06115","Yuba, CA",8,CAINC1,1,"...","Personal income (thousands of dollars)","Thousands of dollars",158952,177653,191927,203054,219774,246766,266738,274899,312221,345897,392080,428062,462876,481725,496569,551225,589836,620766,666784,708035,769590,811501,864463,911783,917522,923269,947553,982923,1024391,1066020,1159277,1214401,1338593,1425031,1540796,1656223,1791502,1945189,2081823,2207754,2216130,2279294,2368893,2402793,2497698,2612501,2825911,2948205,3043481,3221149,3424884
 "06115","Yuba, CA",8,CAINC1,2,"...","Population (persons) 1/","Number of persons",44660,44964,45305,44328,44929,45161,45411,47292,47489,48275,48930,49808,50013,51175,51721,52404,53330,53778,54774,55841,57010,58645,59524,60768,61275,61877,61070,60905,60111,60093,59881,60372,61249,62100,62733,63742,66285,69272,70761,71773,71607,72348,72489,72774,73090,73533,74045,74952,76578,77557,78668
 "06115","Yuba, CA",8,CAINC1,3,"...","Per capita personal income (dollars) 2/","Dollars",3559,3951,4236,4581,4892,5464,5874,5813,6575,7165,8013,8594,9255,9413,9601,10519,11060,11543,12173,12679,13499,13838,14523,15004,14974,14921,15516,16139,17042,17740,19360,20115,21855,22947,24561,25983,27027,28080,29420,30760,30949,31505,32679,33017,34173,35528,38165,39335,39744,41533,43536
"Note: See the included footnote file."
"CAINC1: Personal Income Summary: Personal Income, Population, Per Capita Personal Income "
"Last updated: November 17, 2020-- new statistics for 2019; revised statistics for 2010-2018."
"Source: U.S. Department of Commerce / Bureau of Economic Analysis / Regional Economic Accounts"
