date,avg_temp
1752-10-01,7.839
1752-11-01,7.335
1752-12-01,5.086
1753-01-01,2.039
1753-02-01,0.715
1753-03-01,5.424
1753-04-01,8.272
1753-05-01,12.186
1753-06-01,14.585
1753-07-01,15.092
1753-08-01,14.148
1753-09-01,13.322
1753-10-01,8.962
1753-11-01,5.353
1753-12-01,0.559
1754-01-01,1.574
1754-02-01,-1.249
1754-03-01,3.677
1754-04-01,11.61
1754-05-01,11.936
1754-06-01,14.388
1754-07-01,14.681
1754-08-01,13.556
1754-09-01,11.129
1754-10-01,9.582
1754-11-01,6.161
1754-12-01,4.587
1755-01-01,1.067
1755-02-01,-0.108
1755-03-01,3.607
1755-04-01,9.263
1755-05-01,12.881
1755-06-01,15.38
1755-07-01,14.397
1755-08-01,13.515
1755-09-01,11.773
1755-10-01,9.97
1755-11-01,5.958
1755-12-01,2.564
1756-01-01,3.887
1756-02-01,5.666
1756-03-01,4.192
1756-04-01,10.042
1756-05-01,14.164
1756-06-01,14.547
1756-07-01,13.906
1756-08-01,13.437
1756-09-01,12.652
1756-10-01,7.312
1756-11-01,4.225
1756-12-01,2.165
1757-01-01,-0.276
1757-02-01,3.704
1757-03-01,4.529
1757-04-01,8.246
1757-05-01,13.039
1757-06-01,17.115
1757-07-01,17.61
1757-08-01,17.91
1757-09-01,14.852
1757-10-01,6.482
1757-11-01,4.032
1757-12-01,1.021
1758-01-01,-1.503
1758-02-01,0.806
1758-03-01,3.765
1758-04-01,7.21
1758-05-01,9.715
1758-06-01,13.139
1758-07-01,13.847
1758-08-01,11.818
1758-09-01,10.028
1758-10-01,1.894
1758-11-01,6.955
1758-12-01,3.249
1759-01-01,5.014
1759-02-01,4.082
1759-03-01,4.52
1759-04-01,5.983
1759-05-01,10.189
1759-06-01,13.512
1759-07-01,12.526
1759-08-01,14.587
1759-09-01,12.626
1759-10-01,8.267
1759-11-01,4.268
1759-12-01,0.247
1760-01-01,-0.811
1760-02-01,2.436
1760-03-01,1.864
1760-04-01,7.436
1760-05-01,10.661
1760-06-01,11.945
1760-07-01,12.887
1760-08-01,13.917
1760-09-01,11.197
1760-10-01,6.701
1760-11-01,5.436
1760-12-01,2.553
1761-01-01,0.6
1761-02-01,2.735
1761-03-01,5.976
1761-04-01,7.321
1761-05-01,13.451
1761-06-01,16.821
1761-07-01,19.021
1761-08-01,15.331
1761-09-01,12.535
1761-10-01,7.227
1761-11-01,5.089
1761-12-01,-0.837
1762-01-01,6.866
1762-02-01,4.801
1762-03-01,3.528
1762-04-01,9.019
1762-05-01,10.881
1762-06-01,13.499
1762-07-01,14.72
1762-08-01,13.992
1762-09-01,10.326
1762-10-01,6.156
1762-11-01,6.367
1762-12-01,3.123
1763-01-01,1.369
1763-02-01,0.771
1763-03-01,1.576
1763-04-01,7.871
1763-05-01,10.701
1763-06-01,12.271
1763-07-01,16.391
1763-08-01,14.126
1763-09-01,11.378
1763-10-01,5.535
1763-11-01,4.588
1763-12-01,3.384
1764-01-01,1.741
1764-02-01,6.162
1764-03-01,5.521
1764-04-01,7.88
1764-05-01,11.175
1764-06-01,11.723
1764-07-01,12.507
1764-08-01,12.282
1764-09-01,10.696
1764-10-01,10.011
1764-11-01,5.791
1764-12-01,5.315
1765-01-01,3.78
1765-02-01,3.832
1765-03-01,6.859
1765-04-01,9.013
1765-05-01,10.734
1765-06-01,10.833
1765-07-01,13.953
1765-08-01,13.12
1765-09-01,10.993
1765-10-01,7.904
1765-11-01,5.603
1765-12-01,2.399
1766-01-01,-0.793
1766-02-01,4.896
1766-03-01,6.062
1766-04-01,8.007
1766-05-01,11.228
1766-06-01,13.653
1766-07-01,13.555
1766-08-01,13.758
1766-09-01,12.25
1766-10-01,8.465
1766-11-01,7.454
1766-12-01,2.333
1767-01-01,-0.643
1767-02-01,3.932
1767-03-01,7.022
1767-04-01,6.278
1767-05-01,10.193
1767-06-01,14.112
1767-07-01,13.361
1767-08-01,14.597
1767-09-01,11.675
1767-10-01,9.027
1767-11-01,7.915
1767-12-01,1.189
1768-01-01,-2.08
1768-02-01,0.506
1768-03-01,2.446
1768-04-01,6.92
1768-05-01,9.066
1768-06-01,12.49
1768-07-01,13.875
1768-08-01,12.352
1768-09-01,10.824
1768-10-01,7.729
1768-11-01,4.581
1768-12-01,2.667
1769-01-01,2.305
1769-02-01,2.164
1769-03-01,4.57
1769-04-01,8.967
1769-05-01,12.873
1769-06-01,15.142
1769-07-01,14.461
1769-08-01,13.494
1769-09-01,11.25
1769-10-01,5.297
1769-11-01,2.79
1769-12-01,-0.978
1770-01-01,1.974
1770-02-01,4.105
1770-03-01,1.612
1770-04-01,9.788
1770-05-01,9.996
1770-06-01,11.884
1770-07-01,11.621
1770-08-01,11.413
1770-09-01,10.724
1770-10-01,8.661
1770-11-01,5.791
1770-12-01,4.734
1771-01-01,5.101
1771-02-01,-0.274
1771-03-01,2.814
1771-04-01,5.717
1771-05-01,9.626
1771-06-01,14.104
1771-07-01,13.828
1771-08-01,14.204
1771-09-01,11.363
1771-10-01,10.317
1771-11-01,4.916
1771-12-01,2.522
1772-01-01,1.253
1772-02-01,1.478
1772-03-01,3.057
1772-04-01,8.858
1772-05-01,9.531
1772-06-01,12.647
1772-07-01,14.581
1772-08-01,14.098
1772-09-01,10.303
1772-10-01,9.268
1772-11-01,7.736
1772-12-01,5.512
1773-01-01,-0.437
1773-02-01,1.421
1773-03-01,4.422
1773-04-01,9.415
1773-05-01,12.764
1773-06-01,12.811
1773-07-01,14.484
1773-08-01,13.624
1773-09-01,12.488
1773-10-01,9.206
1773-11-01,3.369
1773-12-01,5.091
1774-01-01,-0.325
1774-02-01,4.914
1774-03-01,5.643
1774-04-01,10.153
1774-05-01,16.025
1774-06-01,15.371
1774-07-01,16.521
1774-08-01,14.099
1774-09-01,10.936
1774-10-01,8.59
1774-11-01,3.029
1774-12-01,0.31
1775-01-01,4.261
1775-02-01,6.427
1775-03-01,7.759
1775-04-01,7.952
1775-05-01,11.399
1775-06-01,12.314
1775-07-01,14.719
1775-08-01,14.435
1775-09-01,11.096
1775-10-01,10.372
1775-11-01,8.179
1775-12-01,1.284
1776-01-01,-0.806
1776-02-01,4.825
1776-03-01,4.652
1776-04-01,7.44
1776-05-01,10.475
1776-06-01,14.564
1776-07-01,14.108
1776-08-01,14.837
1776-09-01,10.602
1776-10-01,8.06
1776-11-01,5.87
1776-12-01,5.021
1777-01-01,6.021
1777-02-01,4.919
1777-03-01,5.572
1777-04-01,6.362
1777-05-01,11.389
1777-06-01,12.323
1777-07-01,12.743
1777-08-01,12.815
1777-09-01,11.379
1777-10-01,6.956
1777-11-01,5.529
1777-12-01,3.067
1778-01-01,2.521
1778-02-01,6.094
1778-03-01,4.604
1778-04-01,10.984
1778-05-01,11.286
1778-06-01,11.731
1778-07-01,15.037
1778-08-01,12.869
1778-09-01,13.377
1778-10-01,8.049
1778-11-01,3.854
1778-12-01,2.101
1779-01-01,1.47
1779-02-01,5.14
1779-03-01,6.967
1779-04-01,9.965
1779-05-01,14.18
1779-06-01,12.547
1779-07-01,13.659
1779-08-01,13.799
1779-09-01,12.683
1779-10-01,9.35
1779-11-01,5.77
1779-12-01,2.269
1780-01-01,2.515
1780-02-01,4.08
1780-03-01,5.724
1780-04-01,13.732
1780-05-01,15.757
1780-06-01,14.747
1780-07-01,16.183
1780-08-01,12.947
1780-09-01,8.844
1780-10-01,9.376
1780-11-01,6.706
1780-12-01,2.584
1781-01-01,2.401
1781-02-01,2.267
1781-03-01,4.772
1781-04-01,6.923
1781-05-01,11.102
1781-06-01,11.678
1781-07-01,14.285
1781-08-01,14.141
1781-09-01,10.304
1781-10-01,8.547
1781-11-01,7.523
1781-12-01,3.288
1782-01-01,0.341
1782-02-01,0.639
1782-03-01,2.565
1782-04-01,8.618
1782-05-01,10.99
1782-06-01,13.801
1782-07-01,13.925
1782-08-01,15.683
1782-09-01,12.398
1782-10-01,8.978
1782-11-01,4.956
1782-12-01,1.921
1783-01-01,-1.431
1783-02-01,5.294
1783-03-01,4.799
1783-04-01,8.574
1783-05-01,11.819
1783-06-01,14.34
1783-07-01,13.069
1783-08-01,13.971
1783-09-01,9.958
1783-10-01,7.357
1783-11-01,2.196
1783-12-01,2.224
1784-01-01,2.596
1784-02-01,0.989
1784-03-01,3.919
1784-04-01,8.142
1784-05-01,10.013
1784-06-01,12.803
1784-07-01,14.947
1784-08-01,15.861
1784-09-01,10.266
1784-10-01,6.836
1784-11-01,4.557
1784-12-01,3.415
1785-01-01,0.865
1785-02-01,1.045
1785-03-01,2.289
1785-04-01,6.379
1785-05-01,9.853
1785-06-01,13.744
1785-07-01,14.468
1785-08-01,14.466
1785-09-01,10.497
1785-10-01,7.351
1785-11-01,5.526
1785-12-01,1.873
1786-01-01,0.763
1786-02-01,2.657
1786-03-01,5.648
1786-04-01,9.318
1786-05-01,11.583
1786-06-01,13.035
1786-07-01,15.294
1786-08-01,14.455
1786-09-01,12.158
1786-10-01,7.712
1786-11-01,5.741
1786-12-01,0.734
1787-01-01,2.845
1787-02-01,2.563
1787-03-01,4.698
1787-04-01,7.772
1787-05-01,11.403
1787-06-01,14.369
1787-07-01,13.451
1787-08-01,13.555
1787-09-01,10.357
1787-10-01,7.772
1787-11-01,5.801
1787-12-01,1.796
1788-01-01,0.735
1788-02-01,3.581
1788-03-01,5.336
1788-04-01,8.714
1788-05-01,10.428
1788-06-01,13.808
1788-07-01,16.468
1788-08-01,13.885
1788-09-01,11.699
1788-10-01,9.349
1788-11-01,6.111
1788-12-01,1.252
1789-01-01,3.706
1789-02-01,1.675
1789-03-01,3.989
1789-04-01,7.694
1789-05-01,11.666
1789-06-01,13.507
1789-07-01,15.462
1789-08-01,13.84
1789-09-01,12.018
1789-10-01,7.39
1789-11-01,5.964
1789-12-01,3.099
1790-01-01,2.444
1790-02-01,2.973
1790-03-01,4.582
1790-04-01,6.053
1790-05-01,10.357
1790-06-01,13.746
1790-07-01,13.812
1790-08-01,13.925
1790-09-01,11.233
1790-10-01,8.577
1790-11-01,5.331
1790-12-01,2.755
1791-01-01,1.493
1791-02-01,3.466
1791-03-01,4.79
1791-04-01,9.127
1791-05-01,9.859
1791-06-01,13.231
1791-07-01,13.612
1791-08-01,13.744
1791-09-01,11.677
1791-10-01,8.08
1791-11-01,6.206
1791-12-01,3.526
1792-01-01,0.348
1792-02-01,3.62
1792-03-01,4.429
1792-04-01,7.994
1792-05-01,11.321
1792-06-01,13.581
1792-07-01,14.212
1792-08-01,12.281
1792-09-01,12.491
1792-10-01,8.097
1792-11-01,5.306
1792-12-01,3.388
1793-01-01,0.521
1793-02-01,4.745
1793-03-01,5.042
1793-04-01,8.643
1793-05-01,11.059
1793-06-01,13.146
1793-07-01,14.336
1793-08-01,13.16
1793-09-01,12.002
1793-10-01,8.393
1793-11-01,5.666
1793-12-01,2.037
1794-01-01,3.71
1794-02-01,3.605
1794-03-01,5.696
1794-04-01,9.367
1794-05-01,12.376
1794-06-01,11.994
1794-07-01,12.874
1794-08-01,13.484
1794-09-01,11.896
1794-10-01,9.108
1794-11-01,5.284
1794-12-01,2.918
1795-01-01,2.731
1795-02-01,4.39
1795-03-01,5.709
1795-04-01,8.918
1795-05-01,11.029
1795-06-01,13.293
1795-07-01,14.295
1795-08-01,13.14
1795-09-01,11.133
1795-10-01,7.786
1795-11-01,5.207
1795-12-01,2.573
1796-01-01,2.844
1796-02-01,2.736
1796-03-01,3.477
1796-04-01,7.773
1796-05-01,11.273
1796-06-01,14.216
1796-07-01,14.314
1796-08-01,14.722
1796-09-01,12.012
1796-10-01,8.924
1796-11-01,5.702
1796-12-01,1.259
1797-01-01,4.396
1797-02-01,4.957
1797-03-01,4.056
1797-04-01,6.6
1797-05-01,10.417
1797-06-01,13.852
1797-07-01,14.107
1797-08-01,14.04
1797-09-01,12.459
1797-10-01,9.191
1797-11-01,4.777
1797-12-01,3.275
1798-01-01,2.679
1798-02-01,3.213
1798-03-01,7.008
1798-04-01,8.083
1798-05-01,11.769
1798-06-01,13.246
1798-07-01,14.951
1798-08-01,14.754
1798-09-01,11.627
1798-10-01,8.655
1798-11-01,6.031
1798-12-01,2.027
1799-01-01,1.923
1799-02-01,2.078
1799-03-01,3.986
1799-04-01,8.786
1799-05-01,11.353
1799-06-01,13.68
1799-07-01,14.869
1799-08-01,14.086
1799-09-01,12.311
1799-10-01,9.606
1799-11-01,5.904
1799-12-01,3.487
1800-01-01,2.815
1800-02-01,3.634
1800-03-01,4.452
1800-04-01,9.125
1800-05-01,11.097
1800-06-01,13.606
1800-07-01,13.763
1800-08-01,13.619
1800-09-01,10.795
1800-10-01,9.469
1800-11-01,5.572
1800-12-01,3.864
1801-01-01,2.687
1801-02-01,3.149
1801-03-01,6.455
1801-04-01,7.404
1801-05-01,12.123
1801-06-01,12.536
1801-07-01,14.676
1801-08-01,13.187
1801-09-01,11.462
1801-10-01,9.099
1801-11-01,5.72
1801-12-01,4.578
1802-01-01,3.74
1802-02-01,2.828
1802-03-01,5.201
1802-04-01,7.623
1802-05-01,10.457
1802-06-01,14.471
1802-07-01,14.628
1802-08-01,14.039
1802-09-01,11.788
1802-10-01,9.747
1802-11-01,5.535
1802-12-01,2.881
1803-01-01,0.602
1803-02-01,1.443
1803-03-01,4.875
1803-04-01,9.291
1803-05-01,11.795
1803-06-01,13.821
1803-07-01,15.106
1803-08-01,15.366
1803-09-01,12.33
1803-10-01,9.119
1803-11-01,5.961
1803-12-01,2.327
1804-01-01,2.445
1804-02-01,1.939
1804-03-01,4.425
1804-04-01,10.057
1804-05-01,12.107
1804-06-01,13.774
1804-07-01,15.774
1804-08-01,14.511
1804-09-01,12.468
1804-10-01,9.282
1804-11-01,7.132
1804-12-01,2.224
1805-01-01,2.822
1805-02-01,2.557
1805-03-01,5.76
1805-04-01,8.123
1805-05-01,11.104
1805-06-01,14.027
1805-07-01,14.702
1805-08-01,15.27
1805-09-01,12.039
1805-10-01,7.636
1805-11-01,4.555
1805-12-01,4.158
1806-01-01,2.917
1806-02-01,2.937
1806-03-01,4.691
1806-04-01,8.032
1806-05-01,11.503
1806-06-01,12.418
1806-07-01,13.923
1806-08-01,14.593
1806-09-01,12.549
1806-10-01,8.426
1806-11-01,5.231
1806-12-01,3.989
1807-01-01,1.055
1807-02-01,4.094
1807-03-01,4.788
1807-04-01,6.971
1807-05-01,9.331
1807-06-01,13.293
1807-07-01,14.138
1807-08-01,13.799
1807-09-01,12.615
1807-10-01,8.857
1807-11-01,6.015
1807-12-01,4.421
1808-01-01,1.131
1808-02-01,2.142
1808-03-01,4.361
1808-04-01,7.482
1808-05-01,9.357
1808-06-01,13.429
1808-07-01,14.491
1808-08-01,13.047
1808-09-01,12.711
1808-10-01,7.972
1808-11-01,4.512
1808-12-01,0.887
1809-01-01,0.208
1809-02-01,0.856
1809-03-01,3.425
1809-04-01,7.833
1809-05-01,9.243
1809-06-01,12.998
1809-07-01,12.656
1809-08-01,12.905
1809-09-01,10.967
1809-10-01,8.65
1809-11-01,3.099
1809-12-01,2.077
1810-01-01,0.888
1810-02-01,2.391
1810-03-01,5.014
1810-04-01,6.533
1810-05-01,9.069
1810-06-01,11.934
1810-07-01,12.551
1810-08-01,12.041
1810-09-01,9.532
1810-10-01,6.632
1810-11-01,3.827
1810-12-01,2.66
1811-01-01,1.374
1811-02-01,0.45
1811-03-01,3.701
1811-04-01,6.302
1811-05-01,9.443
1811-06-01,12.137
1811-07-01,11.956
1811-08-01,13.326
1811-09-01,10.368
1811-10-01,6.58
1811-11-01,3.503
1811-12-01,3.174
1812-01-01,0.977
1812-02-01,0.131
1812-03-01,2.044
1812-04-01,6.95
1812-05-01,9.58
1812-06-01,12.005
1812-07-01,14.355
1812-08-01,15.018
1812-09-01,10.185
1812-10-01,7.593
1812-11-01,4.369
1812-12-01,1.348
1813-01-01,-1.385
1813-02-01,2.258
1813-03-01,1.596
1813-04-01,8.182
1813-05-01,11.367
1813-06-01,13.242
1813-07-01,14.521
1813-08-01,13.097
1813-09-01,12.339
1813-10-01,8.666
1813-11-01,6.825
1813-12-01,2.171
1814-01-01,1.502
1814-02-01,1.689
1814-03-01,2.664
1814-04-01,7.193
1814-05-01,9.417
1814-06-01,12.818
1814-07-01,12.532
1814-08-01,12.668
1814-09-01,10.676
1814-10-01,7.374
1814-11-01,6.739
1814-12-01,5.829
1815-01-01,2.051
1815-02-01,2.273
1815-03-01,3.663
1815-04-01,6.588
1815-05-01,9.845
1815-06-01,11.162
1815-07-01,14.394
1815-08-01,13.209
1815-09-01,11.151
1815-10-01,7.137
1815-11-01,4.178
1815-12-01,1.221
1816-01-01,2.737
1816-02-01,0.676
1816-03-01,3.905
1816-04-01,7.606
1816-05-01,10.594
1816-06-01,11.79
1816-07-01,12.267
1816-08-01,12.57
1816-09-01,10.39
1816-10-01,5.699
1816-11-01,4.058
1816-12-01,0.958
1817-01-01,1.54
1817-02-01,3.649
1817-03-01,4.569
1817-04-01,7.889
1817-05-01,9.476
1817-06-01,11.287
1817-07-01,12.072
1817-08-01,13.403
1817-09-01,8.812
1817-10-01,6.203
1817-11-01,4.638
1817-12-01,0.17
1818-01-01,1.204
1818-02-01,0.755
1818-03-01,5.565
1818-04-01,9.901
1818-05-01,11.247
1818-06-01,13.825
1818-07-01,13.51
1818-08-01,13.166
1818-09-01,10.578
1818-10-01,6.654
1818-11-01,5.035
1818-12-01,2.507
1819-01-01,1.014
1819-02-01,2.286
1819-03-01,2.931
1819-04-01,7.029
1819-05-01,9.851
1819-06-01,12.526
1819-07-01,13.038
1819-08-01,12.557
1819-09-01,10.894
1819-10-01,9.312
1819-11-01,5.15
1819-12-01,1.842
1820-01-01,1.236
1820-02-01,2.145
1820-03-01,4.618
1820-04-01,8.7
1820-05-01,11.62
1820-06-01,13.323
1820-07-01,13.311
1820-08-01,11.978
1820-09-01,11.16
1820-10-01,7.588
1820-11-01,4.443
1820-12-01,1.273
1821-01-01,2.999
1821-02-01,3.758
1821-03-01,5.462
1821-04-01,7.739
1821-05-01,11.3
1821-06-01,12.608
1821-07-01,13.039
1821-08-01,13.145
1821-09-01,10.178
1821-10-01,8.535
1821-11-01,5.601
1821-12-01,2.717
1822-01-01,2.759
1822-02-01,4.465
1822-03-01,7.787
1822-04-01,8.278
1822-05-01,10.486
1822-06-01,13.067
1822-07-01,14.212
1822-08-01,13.215
1822-09-01,10.695
1822-10-01,7.774
1822-11-01,4.501
1822-12-01,1.021
1823-01-01,1.758
1823-02-01,1.966
1823-03-01,5.068
1823-04-01,7.665
1823-05-01,10.563
1823-06-01,13.958
1823-07-01,14.197
1823-08-01,13.13
1823-09-01,10.198
1823-10-01,7.642
1823-11-01,4.508
1823-12-01,1.971
1824-01-01,2.651
1824-02-01,2.679
1824-03-01,5.357
1824-04-01,8.375
1824-05-01,11.132
1824-06-01,13.427
1824-07-01,14.83
1824-08-01,13.437
1824-09-01,11.528
1824-10-01,8.197
1824-11-01,5.877
1824-12-01,5.076
1825-01-01,3.213
1825-02-01,3.092
1825-03-01,5.365
1825-04-01,8.988
1825-05-01,10.751
1825-06-01,13.765
1825-07-01,14.007
1825-08-01,13.269
1825-09-01,11.148
1825-10-01,7.979
1825-11-01,6.058
1825-12-01,3.037
1826-01-01,1.893
1826-02-01,1.533
1826-03-01,4.888
1826-04-01,8.403
1826-05-01,11.804
1826-06-01,13.02
1826-07-01,14.482
1826-08-01,13.109
1826-09-01,11.178
1826-10-01,8.459
1826-11-01,6.634
1826-12-01,4.876
1827-01-01,3.593
1827-02-01,4.415
1827-03-01,6.141
1827-04-01,9.429
1827-05-01,11.807
1827-06-01,13.548
1827-07-01,14.684
1827-08-01,13.694
1827-09-01,10.883
1827-10-01,8.51
1827-11-01,6.279
1827-12-01,2.722
1828-01-01,0.595
1828-02-01,1.853
1828-03-01,5.729
1828-04-01,8.737
1828-05-01,11.281
1828-06-01,14.124
1828-07-01,14.384
1828-08-01,13.635
1828-09-01,10.08
1828-10-01,8.656
1828-11-01,5.957
1828-12-01,2.953
1829-01-01,2.032
1829-02-01,1.715
1829-03-01,5.061
1829-04-01,7.815
1829-05-01,11.336
1829-06-01,12.86
1829-07-01,14.225
1829-08-01,13.399
1829-09-01,10.598
1829-10-01,8.806
1829-11-01,5.003
1829-12-01,2.452
1830-01-01,2.957
1830-02-01,4.085
1830-03-01,4.454
1830-04-01,8.841
1830-05-01,10.202
1830-06-01,12.827
1830-07-01,14.942
1830-08-01,13.386
1830-09-01,10.54
1830-10-01,7.993
1830-11-01,7.493
1830-12-01,4.481
1831-01-01,2.182
1831-02-01,2.479
1831-03-01,4.558
1831-04-01,7.731
1831-05-01,10.994
1831-06-01,13.203
1831-07-01,13.58
1831-08-01,12.49
1831-09-01,9.946
1831-10-01,7.83
1831-11-01,4.412
1831-12-01,2.265
1832-01-01,1.717
1832-02-01,1.833
1832-03-01,4.65
1832-04-01,8.059
1832-05-01,10.489
1832-06-01,12.857
1832-07-01,13.727
1832-08-01,11.966
1832-09-01,10.426
1832-10-01,8.634
1832-11-01,4.262
1832-12-01,0.782
1833-01-01,2.006
1833-02-01,2.815
1833-03-01,4.521
1833-04-01,7.869
1833-05-01,10.581
1833-06-01,13.049
1833-07-01,13.803
1833-08-01,13.222
1833-09-01,11.236
1833-10-01,7.9
1833-11-01,6.596
1833-12-01,2.558
1834-01-01,0.334
1834-02-01,2.329
1834-03-01,5.736
1834-04-01,8.085
1834-05-01,11.234
1834-06-01,12.799
1834-07-01,14.197
1834-08-01,13.412
1834-09-01,11.571
1834-10-01,8.617
1834-11-01,6.355
1834-12-01,3.092
1835-01-01,2.551
1835-02-01,2.967
1835-03-01,4.507
1835-04-01,7.769
1835-05-01,10.171
1835-06-01,12.007
1835-07-01,13.129
1835-08-01,12.322
1835-09-01,9.942
1835-10-01,7.835
1835-11-01,4.312
1835-12-01,1.198
1836-01-01,1.67
1836-02-01,2.371
1836-03-01,5.448
1836-04-01,7.315
1836-05-01,10.279
1836-06-01,12.549
1836-07-01,13.646
1836-08-01,12.83
1836-09-01,10.812
1836-10-01,8.756
1836-11-01,3.814
1836-12-01,2.86
1837-01-01,1.94
1837-02-01,2.619
1837-03-01,3.865
1837-04-01,6.556
1837-05-01,9.973
1837-06-01,12.099
1837-07-01,13.526
1837-08-01,13.018
1837-09-01,10.805
1837-10-01,7.653
1837-11-01,4.169
1837-12-01,2.285
1838-01-01,-0.557
1838-02-01,1.563
1838-03-01,3.723
1838-04-01,7.383
1838-05-01,9.985
1838-06-01,12.742
1838-07-01,14.367
1838-08-01,13.568
1838-09-01,11.106
1838-10-01,8.526
1838-11-01,5.16
1838-12-01,2.613
1839-01-01,2.156
1839-02-01,3.482
1839-03-01,2.673
1839-04-01,7.892
1839-05-01,10.289
1839-06-01,12.548
1839-07-01,14.411
1839-08-01,14.07
1839-09-01,10.853
1839-10-01,8.219
1839-11-01,3.92
1839-12-01,1.074
1840-01-01,2.561
1840-02-01,2.102
1840-03-01,4.04
1840-04-01,7.943
1840-05-01,11.173
1840-06-01,13.411
1840-07-01,14.714
1840-08-01,13.086
1840-09-01,11.01
1840-10-01,7.505
1840-11-01,4.101
1840-12-01,1.909
1841-01-01,0.649
1841-02-01,2.468
1841-03-01,3.307
1841-04-01,6.77
1841-05-01,10.764
1841-06-01,13.062
1841-07-01,14.552
1841-08-01,13.708
1841-09-01,10.921
1841-10-01,8.765
1841-11-01,4.744
1841-12-01,2.548
1842-01-01,1.636
1842-02-01,2.787
1842-03-01,5.75
1842-04-01,8.31
1842-05-01,10.535
1842-06-01,12.629
1842-07-01,13.584
1842-08-01,13.241
1842-09-01,10.94
1842-10-01,8.307
1842-11-01,4.824
1842-12-01,3.73
1843-01-01,2.974
1843-02-01,3.92
1843-03-01,4.744
1843-04-01,7.83
1843-05-01,10.04
1843-06-01,12.53
1843-07-01,13.991
1843-08-01,13.295
1843-09-01,11.326
1843-10-01,8.722
1843-11-01,4.947
1843-12-01,3.765
1844-01-01,1.868
1844-02-01,2.038
1844-03-01,4.734
1844-04-01,7.389
1844-05-01,10.109
1844-06-01,12.84
1844-07-01,13.921
1844-08-01,13.046
1844-09-01,10.819
1844-10-01,8.7
1844-11-01,4.401
1844-12-01,1.891
1845-01-01,2.661
1845-02-01,1.627
1845-03-01,4.651
1845-04-01,8.158
1845-05-01,10.433
1845-06-01,12.863
1845-07-01,14.319
1845-08-01,13.556
1845-09-01,11.234
1845-10-01,7.782
1845-11-01,5.194
1845-12-01,1.736
1846-01-01,3.213
1846-02-01,3.376
1846-03-01,6.314
1846-04-01,7.473
1846-05-01,10.896
1846-06-01,13.53
1846-07-01,14.923
1846-08-01,14.121
1846-09-01,11.738
1846-10-01,8.229
1846-11-01,5.044
1846-12-01,3.776
1847-01-01,2.753
1847-02-01,3.602
1847-03-01,4.046
1847-04-01,7.98
1847-05-01,10.622
1847-06-01,12.828
1847-07-01,14.25
1847-08-01,13.414
1847-09-01,11.619
1847-10-01,8.618
1847-11-01,5.574
1847-12-01,1.726
1848-01-01,0.51
1848-02-01,3.726
1848-03-01,4.806
1848-04-01,8.11
1848-05-01,10.58
1848-06-01,13.247
1848-07-01,14.466
1848-08-01,13.268
1848-09-01,10.997
1848-10-01,8.655
1848-11-01,5.29
1848-12-01,2.099
1849-01-01,1.941
1849-02-01,2.638
1849-03-01,5.302
1849-04-01,7.028
1849-05-01,10.159
1849-06-01,13
1849-07-01,14.458
1849-08-01,13.603
1849-09-01,11.093
1849-10-01,8.89
1849-11-01,5.778
1849-12-01,1.923
1850-01-01,0.749
1850-02-01,3.071
1850-03-01,4.954
1850-04-01,7.217
1850-05-01,10.004
1850-06-01,13.15
1850-07-01,14.492
1850-08-01,14.039
1850-09-01,11.505
1850-10-01,8.091
1850-11-01,4.733
1850-12-01,2.803
1851-01-01,2.431
1851-02-01,2.508
1851-03-01,4.192
1851-04-01,7.287
1851-05-01,11.113
1851-06-01,13.418
1851-07-01,14.531
1851-08-01,13.751
1851-09-01,11.677
1851-10-01,9.122
1851-11-01,4.973
1851-12-01,3.14
1852-01-01,2.376
1852-02-01,2.54
1852-03-01,3.884
1852-04-01,7.487
1852-05-01,11.169
1852-06-01,13.164
1852-07-01,14.512
1852-08-01,13.304
1852-09-01,11.478
1852-10-01,8.91
1852-11-01,4.593
1852-12-01,3.785
1853-01-01,1.786
1853-02-01,2.228
1853-03-01,4.078
1853-04-01,7.541
1853-05-01,10.975
1853-06-01,13.41
1853-07-01,14.645
1853-08-01,13.953
1853-09-01,11.71
1853-10-01,8.535
1853-11-01,4.783
1853-12-01,2.858
1854-01-01,1.281
1854-02-01,1.941
1854-03-01,4.698
1854-04-01,7.622
1854-05-01,11.095
1854-06-01,12.829
1854-07-01,14.692
1854-08-01,13.889
1854-09-01,11.514
1854-10-01,9.763
1854-11-01,5.745
1854-12-01,3.457
1855-01-01,2.522
1855-02-01,2.982
1855-03-01,4.617
1855-04-01,8.58
1855-05-01,11.186
1855-06-01,12.984
1855-07-01,13.926
1855-08-01,13.547
1855-09-01,11.141
1855-10-01,8.444
1855-11-01,5.186
1855-12-01,2.214
1856-01-01,2.76
1856-02-01,2.226
1856-03-01,4.372
1856-04-01,7.751
1856-05-01,10.53
1856-06-01,13.496
1856-07-01,14.019
1856-08-01,13.021
1856-09-01,10.948
1856-10-01,8.087
1856-11-01,5.36
1856-12-01,3.381
1857-01-01,1.821
1857-02-01,2.481
1857-03-01,4.312
1857-04-01,6.827
1857-05-01,9.885
1857-06-01,12.611
1857-07-01,13.953
1857-08-01,13.203
1857-09-01,11.056
1857-10-01,8.198
1857-11-01,5.236
1857-12-01,3.515
1858-01-01,2.739
1858-02-01,2.284
1858-03-01,4.834
1858-04-01,8.25
1858-05-01,10.851
1858-06-01,12.956
1858-07-01,13.677
1858-08-01,13.22
1858-09-01,11.148
1858-10-01,8.81
1858-11-01,5.99
1858-12-01,2.444
1859-01-01,2.015
1859-02-01,2.611
1859-03-01,5.023
1859-04-01,8.542
1859-05-01,11.456
1859-06-01,13.142
1859-07-01,13.827
1859-08-01,13.217
1859-09-01,11.08
1859-10-01,8.834
1859-11-01,5.912
1859-12-01,3.365
1860-01-01,2.077
1860-02-01,2.632
1860-03-01,3.494
1860-04-01,7.76
1860-05-01,11.062
1860-06-01,13.272
1860-07-01,14.203
1860-08-01,13.765
1860-09-01,11.892
1860-10-01,8.712
1860-11-01,5.027
1860-12-01,1.634
1861-01-01,0.404
1861-02-01,2.137
1861-03-01,4.489
1861-04-01,7.487
1861-05-01,10.516
1861-06-01,13.017
1861-07-01,13.967
1861-08-01,13.656
1861-09-01,11.409
1861-10-01,8.475
1861-11-01,5.707
1861-12-01,2.894
1862-01-01,0.685
1862-02-01,1.769
1862-03-01,4.485
1862-04-01,7.323
1862-05-01,10.739
1862-06-01,12.86
1862-07-01,13.928
1862-08-01,13.188
1862-09-01,11.028
1862-10-01,8.283
1862-11-01,4.792
1862-12-01,1.623
1863-01-01,3.034
1863-02-01,3.253
1863-03-01,4.682
1863-04-01,7.931
1863-05-01,11.081
1863-06-01,12.794
1863-07-01,13.765
1863-08-01,13.294
1863-09-01,11.23
1863-10-01,8.235
1863-11-01,5.392
1863-12-01,2.651
1864-01-01,1.551
1864-02-01,2.506
1864-03-01,4.651
1864-04-01,7.515
1864-05-01,10.956
1864-06-01,13.365
1864-07-01,14.162
1864-08-01,13.434
1864-09-01,11.37
1864-10-01,8.795
1864-11-01,5.232
1864-12-01,2.266
1865-01-01,2.975
1865-02-01,2.152
1865-03-01,4.039
1865-04-01,7.314
1865-05-01,10.917
1865-06-01,13.214
1865-07-01,14.22
1865-08-01,13.58
1865-09-01,11.797
1865-10-01,9.136
1865-11-01,6.144
1865-12-01,2.646
1866-01-01,2.932
1866-02-01,2.274
1866-03-01,4.421
1866-04-01,7.914
1866-05-01,10.898
1866-06-01,12.853
1866-07-01,14.602
1866-08-01,13.532
1866-09-01,11.527
1866-10-01,8.506
1866-11-01,5.895
1866-12-01,4.152
1867-01-01,2.482
1867-02-01,2.664
1867-03-01,4.454
1867-04-01,8.258
1867-05-01,10.495
1867-06-01,13.303
1867-07-01,14.223
1867-08-01,13.506
1867-09-01,11.763
1867-10-01,9.212
1867-11-01,6.939
1867-12-01,3.937
1868-01-01,1.834
1868-02-01,2.039
1868-03-01,4.538
1868-04-01,8.183
1868-05-01,11.308
1868-06-01,13.162
1868-07-01,14.514
1868-08-01,13.744
1868-09-01,11.669
1868-10-01,9.448
1868-11-01,5.192
1868-12-01,3.344
1869-01-01,2.115
1869-02-01,3.864
1869-03-01,4.374
1869-04-01,7.921
1869-05-01,11.295
1869-06-01,13.537
1869-07-01,14.337
1869-08-01,14.01
1869-09-01,12.247
1869-10-01,9.006
1869-11-01,5.773
1869-12-01,2.706
1870-01-01,2.082
1870-02-01,2.134
1870-03-01,4.656
1870-04-01,7.879
1870-05-01,11.339
1870-06-01,13.653
1870-07-01,14.599
1870-08-01,13.484
1870-09-01,11.952
1870-10-01,8.81
1870-11-01,5.6
1870-12-01,2.228
1871-01-01,1.447
1871-02-01,1.736
1871-03-01,4.685
1871-04-01,8.34
1871-05-01,10.788
1871-06-01,13.08
1871-07-01,14.29
1871-08-01,13.932
1871-09-01,11.711
1871-10-01,9.096
1871-11-01,5.113
1871-12-01,3.163
1872-01-01,1.652
1872-02-01,2.35
1872-03-01,4.922
1872-04-01,7.846
1872-05-01,11.198
1872-06-01,13.055
1872-07-01,14.285
1872-08-01,13.821
1872-09-01,11.958
1872-10-01,9.24
1872-11-01,5.372
1872-12-01,2.627
1873-01-01,2.013
1873-02-01,3.195
1873-03-01,4.704
1873-04-01,7.462
1873-05-01,11.006
1873-06-01,13.405
1873-07-01,14.287
1873-08-01,13.755
1873-09-01,11.487
1873-10-01,9.234
1873-11-01,5.819
1873-12-01,3.846
1874-01-01,2.685
1874-02-01,3.069
1874-03-01,4.221
1874-04-01,8.231
1874-05-01,11.306
1874-06-01,13.306
1874-07-01,14.122
1874-08-01,13.815
1874-09-01,12.111
1874-10-01,9.12
1874-11-01,5.809
1874-12-01,3.407
1875-01-01,1.533
1875-02-01,2.259
1875-03-01,4.256
1875-04-01,7.636
1875-05-01,10.746
1875-06-01,13.157
1875-07-01,14.144
1875-08-01,13.401
1875-09-01,11.319
1875-10-01,8.585
1875-11-01,4.614
1875-12-01,2.665
1876-01-01,1.856
1876-02-01,2.617
1876-03-01,4.748
1876-04-01,8.199
1876-05-01,10.69
1876-06-01,13.131
1876-07-01,14.319
1876-08-01,13.481
1876-09-01,11.687
1876-10-01,8.946
1876-11-01,5.093
1876-12-01,2.194
1877-01-01,2.286
1877-02-01,2.928
1877-03-01,5.297
1877-04-01,8.039
1877-05-01,11.056
1877-06-01,13.384
1877-07-01,14.642
1877-08-01,14.151
1877-09-01,12.075
1877-10-01,9.273
1877-11-01,6.348
1877-12-01,2.996
1878-01-01,2.017
1878-02-01,3.728
1878-03-01,6.608
1878-04-01,8.899
1878-05-01,11.017
1878-06-01,13.796
1878-07-01,14.742
1878-08-01,14.094
1878-09-01,12.093
1878-10-01,9.173
1878-11-01,6.446
1878-12-01,3.344
1879-01-01,2.303
1879-02-01,2.737
1879-03-01,4.924
1879-04-01,7.768
1879-05-01,10.803
1879-06-01,13.23
1879-07-01,14.238
1879-08-01,13.245
1879-09-01,11.449
1879-10-01,9.229
1879-11-01,5.526
1879-12-01,2.538
1880-01-01,1.755
1880-02-01,2.052
1880-03-01,4.63
1880-04-01,7.559
1880-05-01,11.096
1880-06-01,13.327
1880-07-01,14.141
1880-08-01,13.807
1880-09-01,11.386
1880-10-01,8.673
1880-11-01,5.893
1880-12-01,3.106
1881-01-01,2.461
1881-02-01,2.626
1881-03-01,5.01
1881-04-01,8.323
1881-05-01,11.165
1881-06-01,12.745
1881-07-01,14.203
1881-08-01,13.71
1881-09-01,11.689
1881-10-01,8.851
1881-11-01,5.272
1881-12-01,3.196
1882-01-01,2.99
1882-02-01,3.231
1882-03-01,5.04
1882-04-01,7.691
1882-05-01,10.888
1882-06-01,12.805
1882-07-01,13.747
1882-08-01,13.703
1882-09-01,11.736
1882-10-01,8.445
1882-11-01,5.066
1882-12-01,2.205
1883-01-01,1.46
1883-02-01,1.856
1883-03-01,4.929
1883-04-01,7.691
1883-05-01,10.832
1883-06-01,13.302
1883-07-01,14.011
1883-08-01,13.224
1883-09-01,11.343
1883-10-01,8.909
1883-11-01,4.905
1883-12-01,3.261
1884-01-01,2.12
1884-02-01,2.474
1884-03-01,3.892
1884-04-01,7.186
1884-05-01,10.198
1884-06-01,12.527
1884-07-01,13.622
1884-08-01,13.257
1884-09-01,11.235
1884-10-01,8.581
1884-11-01,5.164
1884-12-01,3.028
1885-01-01,1.003
1885-02-01,2.243
1885-03-01,4.622
1885-04-01,7.336
1885-05-01,10.567
1885-06-01,12.716
1885-07-01,13.972
1885-08-01,13.351
1885-09-01,11.435
1885-10-01,8.722
1885-11-01,5.425
1885-12-01,3.644
1886-01-01,1.436
1886-02-01,1.793
1886-03-01,4.262
1886-04-01,7.909
1886-05-01,10.784
1886-06-01,12.789
1886-07-01,14.226
1886-08-01,13.323
1886-09-01,11.6
1886-10-01,8.604
1886-11-01,5.226
1886-12-01,3.502
1887-01-01,0.824
1887-02-01,2.054
1887-03-01,4.552
1887-04-01,7.789
1887-05-01,10.84
1887-06-01,12.89
1887-07-01,14.021
1887-08-01,13.097
1887-09-01,11.707
1887-10-01,8.738
1887-11-01,5.592
1887-12-01,2.875
1888-01-01,1.708
1888-02-01,2.039
1888-03-01,4.3
1888-04-01,7.845
1888-05-01,10.62
1888-06-01,12.921
1888-07-01,14.242
1888-08-01,13.511
1888-09-01,11.685
1888-10-01,9.201
1888-11-01,5.792
1888-12-01,3.222
1889-01-01,1.762
1889-02-01,3.409
1889-03-01,5.299
1889-04-01,8.589
1889-05-01,11.242
1889-06-01,13.288
1889-07-01,14.225
1889-08-01,13.504
1889-09-01,11.547
1889-10-01,8.865
1889-11-01,4.999
1889-12-01,3.099
1890-01-01,1.836
1890-02-01,2.516
1890-03-01,4.21
1890-04-01,7.739
1890-05-01,10.464
1890-06-01,12.872
1890-07-01,14.034
1890-08-01,13.266
1890-09-01,11.546
1890-10-01,9.178
1890-11-01,5.03
1890-12-01,2.969
1891-01-01,1.678
1891-02-01,1.88
1891-03-01,4.755
1891-04-01,7.618
1891-05-01,10.785
1891-06-01,12.888
1891-07-01,13.93
1891-08-01,13.496
1891-09-01,11.763
1891-10-01,8.722
1891-11-01,5.115
1891-12-01,3.602
1892-01-01,2.018
1892-02-01,2.805
1892-03-01,4.362
1892-04-01,7.562
1892-05-01,10.622
1892-06-01,13.263
1892-07-01,13.89
1892-08-01,13.42
1892-09-01,11.764
1892-10-01,9.29
1892-11-01,4.859
1892-12-01,2.935
1893-01-01,0.5
1893-02-01,1.654
1893-03-01,4.979
1893-04-01,7.994
1893-05-01,10.747
1893-06-01,13.051
1893-07-01,14.318
1893-08-01,13.454
1893-09-01,11.767
1893-10-01,9.16
1893-11-01,5.902
1893-12-01,3.155
1894-01-01,1.691
1894-02-01,2.923
1894-03-01,5.118
1894-04-01,7.663
1894-05-01,10.944
1894-06-01,12.858
1894-07-01,14.004
1894-08-01,13.488
1894-09-01,11.58
1894-10-01,9.125
1894-11-01,5.405
1894-12-01,3.133
1895-01-01,1.295
1895-02-01,2
1895-03-01,4.689
1895-04-01,8.247
1895-05-01,10.867
1895-06-01,13.058
1895-07-01,14.053
1895-08-01,13.489
1895-09-01,11.743
1895-10-01,9.117
1895-11-01,5.744
1895-12-01,3.462
1896-01-01,2.291
1896-02-01,2.707
1896-03-01,4.279
1896-04-01,7.33
1896-05-01,10.893
1896-06-01,13.304
1896-07-01,14.233
1896-08-01,13.624
1896-09-01,11.824
1896-10-01,9.416
1896-11-01,5.366
1896-12-01,3.312
1897-01-01,1.893
1897-02-01,2.429
1897-03-01,4.345
1897-04-01,8.278
1897-05-01,11.377
1897-06-01,13.319
1897-07-01,14.31
1897-08-01,13.668
1897-09-01,11.925
1897-10-01,9.197
1897-11-01,5.608
1897-12-01,3.171
1898-01-01,2.737
1898-02-01,2.354
1898-03-01,3.751
1898-04-01,7.907
1898-05-01,10.835
1898-06-01,13.395
1898-07-01,14.138
1898-08-01,13.579
1898-09-01,11.753
1898-10-01,8.828
1898-11-01,5.452
1898-12-01,3.407
1899-01-01,2.515
1899-02-01,2.38
1899-03-01,4.618
1899-04-01,8.281
1899-05-01,11.023
1899-06-01,12.856
1899-07-01,14.159
1899-08-01,13.777
1899-09-01,12.128
1899-10-01,9.409
1899-11-01,6.605
1899-12-01,3.005
1900-01-01,1.461
1900-02-01,3.098
1900-03-01,5.492
1900-04-01,8.223
1900-05-01,11.385
1900-06-01,13.293
1900-07-01,14.171
1900-08-01,13.816
1900-09-01,11.955
1900-10-01,9.666
1900-11-01,5.804
1900-12-01,3.655
1901-01-01,2.191
1901-02-01,3.092
1901-03-01,5.671
1901-04-01,8.522
1901-05-01,11.178
1901-06-01,13.423
1901-07-01,14.339
1901-08-01,13.789
1901-09-01,11.984
1901-10-01,9.003
1901-11-01,5.976
1901-12-01,3.335
1902-01-01,2.684
1902-02-01,3.606
1902-03-01,4.883
1902-04-01,7.956
1902-05-01,10.893
1902-06-01,13.214
1902-07-01,14.231
1902-08-01,13.599
1902-09-01,11.799
1902-10-01,8.801
1902-11-01,5.274
1902-12-01,2.713
1903-01-01,2.514
1903-02-01,3.555
1903-03-01,4.93
1903-04-01,7.832
1903-05-01,10.794
1903-06-01,12.886
1903-07-01,13.992
1903-08-01,13.412
1903-09-01,11.501
1903-10-01,8.812
1903-11-01,5.516
1903-12-01,2.898
1904-01-01,1.637
1904-02-01,2.297
1904-03-01,4.506
1904-04-01,7.684
1904-05-01,10.84
1904-06-01,13.014
1904-07-01,13.836
1904-08-01,13.459
1904-09-01,11.381
1904-10-01,8.833
1904-11-01,6.23
1904-12-01,3.374
1905-01-01,2.254
1905-02-01,1.927
1905-03-01,4.635
1905-04-01,7.755
1905-05-01,10.982
1905-06-01,13.112
1905-07-01,14.077
1905-08-01,13.578
1905-09-01,11.804
1905-10-01,9.041
1905-11-01,6.183
1905-12-01,3.354
1906-01-01,2.068
1906-02-01,2.301
1906-03-01,4.866
1906-04-01,8.626
1906-05-01,11.24
1906-06-01,13.334
1906-07-01,14.122
1906-08-01,13.691
1906-09-01,11.772
1906-10-01,9.267
1906-11-01,5.501
1906-12-01,3.761
1907-01-01,1.798
1907-02-01,2.117
1907-03-01,4.575
1907-04-01,7.579
1907-05-01,10.375
1907-06-01,12.729
1907-07-01,13.769
1907-08-01,13.362
1907-09-01,11.665
1907-10-01,9.234
1907-11-01,5.207
1907-12-01,2.956
1908-01-01,2.304
1908-02-01,2.769
1908-03-01,4.136
1908-04-01,7.832
1908-05-01,11.141
1908-06-01,13.293
1908-07-01,14.197
1908-08-01,13.376
1908-09-01,11.977
1908-10-01,8.865
1908-11-01,5.272
1908-12-01,3.071
1909-01-01,1.395
1909-02-01,2.706
1909-03-01,4.589
1909-04-01,7.534
1909-05-01,10.611
1909-06-01,12.962
1909-07-01,14.06
1909-08-01,13.752
1909-09-01,11.879
1909-10-01,9.192
1909-11-01,6.236
1909-12-01,3.223
1910-01-01,2.333
1910-02-01,2.779
1910-03-01,4.606
1910-04-01,8.105
1910-05-01,11.005
1910-06-01,13.151
1910-07-01,14.279
1910-08-01,13.677
1910-09-01,11.733
1910-10-01,9.006
1910-11-01,5.318
1910-12-01,2.684
1911-01-01,1.66
1911-02-01,2.453
1911-03-01,4.347
1911-04-01,7.99
1911-05-01,10.829
1911-06-01,13.009
1911-07-01,14.082
1911-08-01,13.499
1911-09-01,11.638
1911-10-01,9.263
1911-11-01,5.964
1911-12-01,3.39
1912-01-01,2.402
1912-02-01,3.354
1912-03-01,4.356
1912-04-01,8.229
1912-05-01,11.254
1912-06-01,13.435
1912-07-01,13.723
1912-08-01,13.053
1912-09-01,11.222
1912-10-01,8.367
1912-11-01,5.521
1912-12-01,3.069
1913-01-01,2.083
1913-02-01,2.376
1913-03-01,4.517
1913-04-01,8.023
1913-05-01,10.745
1913-06-01,13.005
1913-07-01,14.137
1913-08-01,13.724
1913-09-01,11.759
1913-10-01,9.077
1913-11-01,6.024
1913-12-01,4.103
1914-01-01,3.376
1914-02-01,3.2
1914-03-01,4.942
1914-04-01,8.098
1914-05-01,11.285
1914-06-01,13.496
1914-07-01,14.298
1914-08-01,13.73
1914-09-01,11.915
1914-10-01,9.387
1914-11-01,5.759
1914-12-01,3.6
1915-01-01,2.299
1915-02-01,3.265
1915-03-01,5.143
1915-04-01,8.705
1915-05-01,11.493
1915-06-01,13.3
1915-07-01,14.443
1915-08-01,13.77
1915-09-01,11.867
1915-10-01,8.984
1915-11-01,6.216
1915-12-01,3.633
1916-01-01,2.616
1916-02-01,2.957
1916-03-01,4.846
1916-04-01,8.047
1916-05-01,10.972
1916-06-01,12.942
1916-07-01,14.052
1916-08-01,13.58
1916-09-01,11.726
1916-10-01,9.053
1916-11-01,5.596
1916-12-01,2.316
1917-01-01,2.133
1917-02-01,2.36
1917-03-01,4.488
1917-04-01,7.855
1917-05-01,10.443
1917-06-01,12.915
1917-07-01,14.259
1917-08-01,13.471
1917-09-01,11.745
1917-10-01,8.544
1917-11-01,5.82
1917-12-01,2.247
1918-01-01,1.934
1918-02-01,2.455
1918-03-01,4.811
1918-04-01,7.644
1918-05-01,10.54
1918-06-01,12.908
1918-07-01,14.002
1918-08-01,13.431
1918-09-01,11.881
1918-10-01,9.433
1918-11-01,5.683
1918-12-01,2.848
1919-01-01,2.184
1919-02-01,2.852
1919-03-01,4.743
1919-04-01,8.487
1919-05-01,10.969
1919-06-01,13.228
1919-07-01,14.274
1919-08-01,13.786
1919-09-01,11.99
1919-10-01,9.361
1919-11-01,5.489
1919-12-01,3.224
1920-01-01,2.841
1920-02-01,2.755
1920-03-01,5.227
1920-04-01,8.293
1920-05-01,11.131
1920-06-01,13.105
1920-07-01,14.245
1920-08-01,13.698
1920-09-01,11.794
1920-10-01,9.021
1920-11-01,5.566
1920-12-01,2.629
1921-01-01,2.98
1921-02-01,3.125
1921-03-01,5.081
1921-04-01,8.324
1921-05-01,11.245
1921-06-01,13.44
1921-07-01,14.436
1921-08-01,13.561
1921-09-01,11.869
1921-10-01,9.264
1921-11-01,5.864
1921-12-01,3.663
1922-01-01,2.15
1922-02-01,2.376
1922-03-01,5.156
1922-04-01,8.38
1922-05-01,11.097
1922-06-01,13.331
1922-07-01,14.278
1922-08-01,13.584
1922-09-01,11.775
1922-10-01,9.056
1922-11-01,6.046
1922-12-01,3.667
1923-01-01,2.487
1923-02-01,2.563
1923-03-01,4.866
1923-04-01,7.749
1923-05-01,10.849
1923-06-01,13.296
1923-07-01,13.984
1923-08-01,13.611
1923-09-01,11.883
1923-10-01,9.52
1923-11-01,6.378
1923-12-01,3.88
1924-01-01,2.339
1924-02-01,2.888
1924-03-01,5.352
1924-04-01,7.97
1924-05-01,11.188
1924-06-01,13.342
1924-07-01,14.304
1924-08-01,13.654
1924-09-01,11.957
1924-10-01,9.203
1924-11-01,6.4
1924-12-01,3.485
1925-01-01,2.268
1925-02-01,2.701
1925-03-01,5.126
1925-04-01,8.442
1925-05-01,11.039
1925-06-01,13.089
1925-07-01,14.066
1925-08-01,13.769
1925-09-01,11.979
1925-10-01,9.196
1925-11-01,6.34
1925-12-01,4.398
1926-01-01,3.453
1926-02-01,3.717
1926-03-01,5.831
1926-04-01,8.193
1926-05-01,10.931
1926-06-01,13.285
1926-07-01,14.168
1926-08-01,13.877
1926-09-01,12.075
1926-10-01,9.55
1926-11-01,6.3
1926-12-01,3.366
1927-01-01,2.372
1927-02-01,3.039
1927-03-01,4.668
1927-04-01,8.035
1927-05-01,11.104
1927-06-01,13.272
1927-07-01,14.323
1927-08-01,13.698
1927-09-01,12.254
1927-10-01,9.887
1927-11-01,6.346
1927-12-01,3.267
1928-01-01,3.046
1928-02-01,3.333
1928-03-01,4.959
1928-04-01,8.244
1928-05-01,11.169
1928-06-01,13.113
1928-07-01,14.31
1928-08-01,13.687
1928-09-01,12.03
1928-10-01,9.486
1928-11-01,6.336
1928-12-01,3.873
1929-01-01,2.054
1929-02-01,2.172
1929-03-01,5.099
1929-04-01,8.094
1929-05-01,10.915
1929-06-01,12.928
1929-07-01,13.957
1929-08-01,13.68
1929-09-01,11.807
1929-10-01,9.46
1929-11-01,6.172
1929-12-01,2.571
1930-01-01,2.401
1930-02-01,3.152
1930-03-01,5.483
1930-04-01,8.182
1930-05-01,11.105
1930-06-01,13.347
1930-07-01,14.465
1930-08-01,13.928
1930-09-01,11.874
1930-10-01,9.261
1930-11-01,6.574
1930-12-01,3.831
1931-01-01,2.761
1931-02-01,2.708
1931-03-01,5.22
1931-04-01,8.163
1931-05-01,11.02
1931-06-01,13.573
1931-07-01,14.576
1931-08-01,14.12
1931-09-01,12.283
1931-10-01,9.937
1931-11-01,6.243
1931-12-01,4.027
1932-01-01,3.604
1932-02-01,2.989
1932-03-01,4.94
1932-04-01,8.769
1932-05-01,11.239
1932-06-01,13.383
1932-07-01,14.372
1932-08-01,13.74
1932-09-01,12.31
1932-10-01,9.682
1932-11-01,5.908
1932-12-01,3.527
1933-01-01,2.169
1933-02-01,2.657
1933-03-01,4.869
1933-04-01,8.125
1933-05-01,11.047
1933-06-01,13.11
1933-07-01,14.236
1933-08-01,13.76
1933-09-01,11.854
1933-10-01,9.238
1933-11-01,5.89
1933-12-01,3.104
1934-01-01,2.476
1934-02-01,3.699
1934-03-01,4.818
1934-04-01,8.016
1934-05-01,11.478
1934-06-01,13.402
1934-07-01,14.343
1934-08-01,13.778
1934-09-01,11.727
1934-10-01,9.421
1934-11-01,6.397
1934-12-01,3.985
1935-01-01,2.175
1935-02-01,4.125
1935-03-01,5.399
1935-04-01,7.771
1935-05-01,10.906
1935-06-01,13.326
1935-07-01,14.331
1935-08-01,13.775
1935-09-01,11.999
1935-10-01,9.516
1935-11-01,5.443
1935-12-01,3.423
1936-01-01,2.249
1936-02-01,2.506
1936-03-01,5.031
1936-04-01,8.127
1936-05-01,11.251
1936-06-01,13.363
1936-07-01,14.629
1936-08-01,13.86
1936-09-01,12.021
1936-10-01,9.457
1936-11-01,6.233
1936-12-01,3.921
1937-01-01,2.453
1937-02-01,3.553
1937-03-01,4.851
1937-04-01,8.14
1937-05-01,11.422
1937-06-01,13.603
1937-07-01,14.375
1937-08-01,14.007
1937-09-01,12.413
1937-10-01,9.729
1937-11-01,6.356
1937-12-01,3.478
1938-01-01,2.91
1938-02-01,3.417
1938-03-01,5.651
1938-04-01,8.913
1938-05-01,11.456
1938-06-01,13.321
1938-07-01,14.482
1938-08-01,13.963
1938-09-01,12.427
1938-10-01,9.784
1938-11-01,6.53
1938-12-01,3.51
1939-01-01,2.932
1939-02-01,3.232
1939-03-01,4.926
1939-04-01,8.328
1939-05-01,11.524
1939-06-01,13.531
1939-07-01,14.395
1939-08-01,13.932
1939-09-01,11.958
1939-10-01,9.218
1939-11-01,6.189
1939-12-01,4.959
1940-01-01,2.335
1940-02-01,3.423
1940-03-01,5.424
1940-04-01,8.756
1940-05-01,11.338
1940-06-01,13.583
1940-07-01,14.571
1940-08-01,13.811
1940-09-01,12.268
1940-10-01,9.457
1940-11-01,6.076
1940-12-01,4.134
1941-01-01,2.735
1941-02-01,3.67
1941-03-01,5.213
1941-04-01,8.575
1941-05-01,11.493
1941-06-01,13.63
1941-07-01,14.694
1941-08-01,14.028
1941-09-01,11.816
1941-10-01,9.71
1941-11-01,5.953
1941-12-01,3.707
1942-01-01,3.103
1942-02-01,2.857
1942-03-01,5.308
1942-04-01,8.416
1942-05-01,11.338
1942-06-01,13.578
1942-07-01,14.242
1942-08-01,13.786
1942-09-01,12.146
1942-10-01,9.627
1942-11-01,6.395
1942-12-01,3.945
1943-01-01,2.396
1943-02-01,3.513
1943-03-01,5.138
1943-04-01,8.638
1943-05-01,11.485
1943-06-01,13.161
1943-07-01,14.46
1943-08-01,13.774
1943-09-01,12.096
1943-10-01,9.907
1943-11-01,6.26
1943-12-01,4.233
1944-01-01,3.504
1944-02-01,3.591
1944-03-01,5.531
1944-04-01,8.434
1944-05-01,11.334
1944-06-01,13.478
1944-07-01,14.468
1944-08-01,14.017
1944-09-01,12.45
1944-10-01,9.808
1944-11-01,6.091
1944-12-01,3.434
1945-01-01,2.525
1945-02-01,2.646
1945-03-01,5.184
1945-04-01,8.681
1945-05-01,11.097
1945-06-01,13.328
1945-07-01,14.213
1945-08-01,14.313
1945-09-01,12.225
1945-10-01,9.575
1945-11-01,6.073
1945-12-01,3.158
1946-01-01,2.979
1946-02-01,3.461
1946-03-01,5.236
1946-04-01,8.837
1946-05-01,11.355
1946-06-01,13.298
1946-07-01,14.409
1946-08-01,13.834
1946-09-01,12.064
1946-10-01,9.281
1946-11-01,6.235
1946-12-01,3.134
1947-01-01,2.597
1947-02-01,3.277
1947-03-01,5.801
1947-04-01,8.686
1947-05-01,11.329
1947-06-01,13.459
1947-07-01,14.349
1947-08-01,13.827
1947-09-01,12.166
1947-10-01,10.011
1947-11-01,6.407
1947-12-01,3.656
1948-01-01,3.366
1948-02-01,3.22
1948-03-01,4.919
1948-04-01,8.499
1948-05-01,11.537
1948-06-01,13.664
1948-07-01,14.445
1948-08-01,13.896
1948-09-01,12.155
1948-10-01,9.584
1948-11-01,6.185
1948-12-01,3.491
1949-01-01,3.219
1949-02-01,2.759
1949-03-01,5.077
1949-04-01,8.344
1949-05-01,11.309
1949-06-01,13.223
1949-07-01,14.199
1949-08-01,13.826
1949-09-01,11.957
1949-10-01,9.531
1949-11-01,6.148
1949-12-01,3.449
1950-01-01,2.008
1950-02-01,2.721
1950-03-01,5.247
1950-04-01,8.123
1950-05-01,11.297
1950-06-01,13.382
1950-07-01,14.14
1950-08-01,13.46
1950-09-01,11.952
1950-10-01,9.153
1950-11-01,5.372
1950-12-01,3.528
1951-01-01,2.138
1951-02-01,2.332
1951-03-01,5.091
1951-04-01,8.367
1951-05-01,11.438
1951-06-01,13.25
1951-07-01,14.324
1951-08-01,14.021
1951-09-01,12.324
1951-10-01,9.67
1951-11-01,6.225
1951-12-01,4.328
1952-01-01,3.049
1952-02-01,3.396
1952-03-01,4.967
1952-04-01,8.461
1952-05-01,11.352
1952-06-01,13.442
1952-07-01,14.549
1952-08-01,13.964
1952-09-01,12.238
1952-10-01,9.157
1952-11-01,5.425
1952-12-01,3.659
1953-01-01,2.964
1953-02-01,3.629
1953-03-01,5.712
1953-04-01,8.892
1953-05-01,11.514
1953-06-01,13.612
1953-07-01,14.392
1953-08-01,14.059
1953-09-01,12.199
1953-10-01,9.59
1953-11-01,5.924
1953-12-01,3.998
1954-01-01,2.059
1954-02-01,3.084
1954-03-01,5.148
1954-04-01,8.158
1954-05-01,10.988
1954-06-01,13.4
1954-07-01,14.241
1954-08-01,13.868
1954-09-01,12.098
1954-10-01,9.546
1954-11-01,6.579
1954-12-01,3.559
1955-01-01,3.412
1955-02-01,3.137
1955-03-01,4.585
1955-04-01,8.136
1955-05-01,11.192
1955-06-01,13.56
1955-07-01,14.242
1955-08-01,14.283
1955-09-01,11.954
1955-10-01,9.735
1955-11-01,5.973
1955-12-01,3.306
1956-01-01,2.466
1956-02-01,2.781
1956-03-01,4.889
1956-04-01,7.922
1956-05-01,10.721
1956-06-01,13.16
1956-07-01,14.18
1956-08-01,13.189
1956-09-01,11.783
1956-10-01,8.928
1956-11-01,5.738
1956-12-01,3.598
1957-01-01,2.488
1957-02-01,3.12
1957-03-01,5.036
1957-04-01,8.366
1957-05-01,11.259
1957-06-01,13.783
1957-07-01,14.129
1957-08-01,14.082
1957-09-01,12.312
1957-10-01,9.496
1957-11-01,6.391
1957-12-01,4.328
1958-01-01,3.574
1958-02-01,3.695
1958-03-01,5.453
1958-04-01,8.52
1958-05-01,11.519
1958-06-01,13.187
1958-07-01,14.438
1958-08-01,13.597
1958-09-01,11.845
1958-10-01,9.375
1958-11-01,6.26
1958-12-01,3.822
1959-01-01,2.959
1959-02-01,3.33
1959-03-01,5.854
1959-04-01,8.819
1959-05-01,11.323
1959-06-01,13.577
1959-07-01,14.449
1959-08-01,13.853
1959-09-01,11.946
1959-10-01,9.16
1959-11-01,5.752
1959-12-01,3.77
1960-01-01,2.713
1960-02-01,3.798
1960-03-01,4.303
1960-04-01,8.133
1960-05-01,10.872
1960-06-01,13.484
1960-07-01,14.198
1960-08-01,13.825
1960-09-01,12.095
1960-10-01,9.497
1960-11-01,5.828
1960-12-01,4.259
1961-01-01,2.926
1961-02-01,3.683
1961-03-01,5.589
1961-04-01,8.631
1961-05-01,11.624
1961-06-01,13.702
1961-07-01,14.288
1961-08-01,13.849
1961-09-01,12.247
1961-10-01,9.328
1961-11-01,6.205
1961-12-01,3.5
1962-01-01,3.003
1962-02-01,3.696
1962-03-01,5.53
1962-04-01,8.54
1962-05-01,11.128
1962-06-01,13.427
1962-07-01,14.205
1962-08-01,13.713
1962-09-01,12.018
1962-10-01,9.468
1962-11-01,6.283
1962-12-01,3.94
1963-01-01,2.901
1963-02-01,4.02
1963-03-01,5.097
1963-04-01,8.173
1963-05-01,11.045
1963-06-01,13.412
1963-07-01,14.506
1963-08-01,14.309
1963-09-01,12.555
1963-10-01,9.943
1963-11-01,6.561
1963-12-01,3.75
1964-01-01,2.881
1964-02-01,3.028
1964-03-01,4.865
1964-04-01,7.922
1964-05-01,10.905
1964-06-01,13.459
1964-07-01,14.301
1964-08-01,13.678
1964-09-01,11.604
1964-10-01,8.832
1964-11-01,5.983
1964-12-01,3.458
1965-01-01,2.862
1965-02-01,3.036
1965-03-01,5.182
1965-04-01,7.99
1965-05-01,11.222
1965-06-01,13.308
1965-07-01,14.078
1965-08-01,13.807
1965-09-01,11.73
1965-10-01,9.488
1965-11-01,5.86
1965-12-01,3.766
1966-01-01,2.49
1966-02-01,3.29
1966-03-01,5.527
1966-04-01,8.161
1966-05-01,11.2
1966-06-01,13.587
1966-07-01,14.569
1966-08-01,13.731
1966-09-01,12.133
1966-10-01,9.153
1966-11-01,5.969
1966-12-01,3.382
1967-01-01,2.71
1967-02-01,2.905
1967-03-01,5.396
1967-04-01,8.458
1967-05-01,11.632
1967-06-01,13.194
1967-07-01,14.331
1967-08-01,13.821
1967-09-01,12.054
1967-10-01,9.809
1967-11-01,6.176
1967-12-01,3.915
1968-01-01,2.353
1968-02-01,3.245
1968-03-01,6.117
1968-04-01,8.455
1968-05-01,11.068
1968-06-01,13.204
1968-07-01,14.026
1968-08-01,13.524
1968-09-01,11.62
1968-10-01,9.453
1968-11-01,5.891
1968-12-01,3.24
1969-01-01,1.966
1969-02-01,2.45
1969-03-01,5.131
1969-04-01,8.576
1969-05-01,11.354
1969-06-01,13.475
1969-07-01,14.218
1969-08-01,13.804
1969-09-01,12.048
1969-10-01,9.489
1969-11-01,6.42
1969-12-01,4.21
1970-01-01,2.836
1970-02-01,3.735
1970-03-01,5.272
1970-04-01,8.603
1970-05-01,11.206
1970-06-01,13.513
1970-07-01,14.395
1970-08-01,13.658
1970-09-01,12.277
1970-10-01,9.348
1970-11-01,6.047
1970-12-01,3.521
1971-01-01,2.967
1971-02-01,2.867
1971-03-01,5.001
1971-04-01,8.339
1971-05-01,11.211
1971-06-01,13.099
1971-07-01,14.139
1971-08-01,13.879
1971-09-01,12.139
1971-10-01,9.388
1971-11-01,6.295
1971-12-01,3.867
1972-01-01,1.882
1972-02-01,2.609
1972-03-01,5.287
1972-04-01,8.337
1972-05-01,11.155
1972-06-01,13.501
1972-07-01,14.231
1972-08-01,14.171
1972-09-01,11.901
1972-10-01,9.346
1972-11-01,5.797
1972-12-01,3.778
1973-01-01,3.038
1973-02-01,3.898
1973-03-01,5.82
1973-04-01,8.938
1973-05-01,11.769
1973-06-01,13.824
1973-07-01,14.435
1973-08-01,13.869
1973-09-01,12.125
1973-10-01,9.609
1973-11-01,6.222
1973-12-01,3.832
1974-01-01,2.261
1974-02-01,2.582
1974-03-01,5.19
1974-04-01,8.386
1974-05-01,11.198
1974-06-01,13.382
1974-07-01,14.288
1974-08-01,14.016
1974-09-01,11.744
1974-10-01,9.098
1974-11-01,5.915
1974-12-01,3.55
1975-01-01,3.059
1975-02-01,3.395
1975-03-01,5.706
1975-04-01,8.584
1975-05-01,11.742
1975-06-01,13.557
1975-07-01,14.351
1975-08-01,13.514
1975-09-01,12.152
1975-10-01,9.318
1975-11-01,5.893
1975-12-01,3.667
1976-01-01,2.884
1976-02-01,3.031
1976-03-01,4.517
1976-04-01,8.294
1976-05-01,10.942
1976-06-01,13.086
1976-07-01,14.155
1976-08-01,13.511
1976-09-01,11.895
1976-10-01,8.511
1976-11-01,5.66
1976-12-01,3.681
1977-01-01,2.492
1977-02-01,3.471
1977-03-01,5.702
1977-04-01,8.85
1977-05-01,11.78
1977-06-01,13.876
1977-07-01,14.631
1977-08-01,14.09
1977-09-01,11.862
1977-10-01,9.156
1977-11-01,6.544
1977-12-01,3.749
1978-01-01,2.705
1978-02-01,3.456
1978-03-01,5.607
1978-04-01,8.791
1978-05-01,11.414
1978-06-01,13.22
1978-07-01,14.364
1978-08-01,13.297
1978-09-01,12.03
1978-10-01,9.339
1978-11-01,6.35
1978-12-01,3.74
1979-01-01,2.679
1979-02-01,2.841
1979-03-01,5.474
1979-04-01,8.455
1979-05-01,11.199
1979-06-01,13.487
1979-07-01,14.114
1979-08-01,13.833
1979-09-01,12.247
1979-10-01,9.586
1979-11-01,6.286
1979-12-01,4.6
1980-01-01,2.956
1980-02-01,3.652
1980-03-01,5.367
1980-04-01,8.935
1980-05-01,11.77
1980-06-01,13.582
1980-07-01,14.742
1980-08-01,14.189
1980-09-01,12.321
1980-10-01,9.55
1980-11-01,6.684
1980-12-01,4.016
1981-01-01,3.785
1981-02-01,4.021
1981-03-01,6.239
1981-04-01,8.953
1981-05-01,11.565
1981-06-01,13.765
1981-07-01,14.738
1981-08-01,14.502
1981-09-01,12.236
1981-10-01,9.394
1981-11-01,6.273
1981-12-01,4.519
1982-01-01,2.558
1982-02-01,3.281
1982-03-01,4.873
1982-04-01,8.465
1982-05-01,11.348
1982-06-01,13.245
1982-07-01,14.545
1982-08-01,13.796
1982-09-01,12.039
1982-10-01,9.232
1982-11-01,5.961
1982-12-01,4.327
1983-01-01,3.445
1983-02-01,3.814
1983-03-01,5.699
1983-04-01,8.693
1983-05-01,11.729
1983-06-01,13.478
1983-07-01,14.408
1983-08-01,14.302
1983-09-01,12.698
1983-10-01,9.478
1983-11-01,6.765
1983-12-01,3.829
1984-01-01,2.941
1984-02-01,3.093
1984-03-01,5.671
1984-04-01,8.432
1984-05-01,11.976
1984-06-01,13.387
1984-07-01,14.429
1984-08-01,13.984
1984-09-01,12.015
1984-10-01,9.378
1984-11-01,5.811
1984-12-01,3.185
1985-01-01,3.01
1985-02-01,2.704
1985-03-01,5.451
1985-04-01,8.633
1985-05-01,11.426
1985-06-01,13.569
1985-07-01,13.973
1985-08-01,14.059
1985-09-01,11.98
1985-10-01,9.338
1985-11-01,5.968
1985-12-01,3.785
1986-01-01,3.315
1986-02-01,3.991
1986-03-01,5.755
1986-04-01,8.871
1986-05-01,11.581
1986-06-01,13.439
1986-07-01,14.293
1986-08-01,13.972
1986-09-01,11.817
1986-10-01,9.299
1986-11-01,5.919
1986-12-01,3.751
1987-01-01,3.139
1987-02-01,4.134
1987-03-01,5.245
1987-04-01,8.595
1987-05-01,11.525
1987-06-01,13.927
1987-07-01,14.89
1987-08-01,13.896
1987-09-01,12.447
1987-10-01,9.59
1987-11-01,6.056
1987-12-01,4.489
1988-01-01,3.454
1988-02-01,3.422
1988-03-01,5.931
1988-04-01,8.992
1988-05-01,11.852
1988-06-01,14.099
1988-07-01,14.798
1988-08-01,14.553
1988-09-01,12.681
1988-10-01,9.979
1988-11-01,6.295
1988-12-01,4.363
1989-01-01,2.71
1989-02-01,3.627
1989-03-01,5.792
1989-04-01,8.689
1989-05-01,11.28
1989-06-01,13.447
1989-07-01,14.612
1989-08-01,14.135
1989-09-01,12.403
1989-10-01,9.76
1989-11-01,6.179
1989-12-01,4.43
1990-01-01,3.243
1990-02-01,3.643
1990-03-01,6.73
1990-04-01,9.169
1990-05-01,11.831
1990-06-01,13.893
1990-07-01,14.784
1990-08-01,14.095
1990-09-01,12.195
1990-10-01,9.882
1990-11-01,6.92
1990-12-01,4.425
1991-01-01,3.195
1991-02-01,4.044
1991-03-01,5.574
1991-04-01,9.226
1991-05-01,11.616
1991-06-01,14.263
1991-07-01,14.987
1991-08-01,14.319
1991-09-01,12.677
1991-10-01,9.753
1991-11-01,6.44
1991-12-01,4.059
1992-01-01,3.579
1992-02-01,3.931
1992-03-01,5.952
1992-04-01,8.572
1992-05-01,11.535
1992-06-01,13.576
1992-07-01,14.139
1992-08-01,13.766
1992-09-01,11.672
1992-10-01,9.353
1992-11-01,5.889
1992-12-01,4.075
1993-01-01,3.301
1993-02-01,3.745
1993-03-01,5.923
1993-04-01,8.69
1993-05-01,11.475
1993-06-01,13.518
1993-07-01,14.595
1993-08-01,13.835
1993-09-01,11.93
1993-10-01,9.614
1993-11-01,5.738
1993-12-01,4.035
1994-01-01,3.024
1994-02-01,2.81
1994-03-01,5.731
1994-04-01,9.018
1994-05-01,11.684
1994-06-01,14.144
1994-07-01,14.658
1994-08-01,13.977
1994-09-01,12.516
1994-10-01,10.002
1994-11-01,6.788
1994-12-01,4.113
1995-01-01,3.54
1995-02-01,4.656
1995-03-01,5.956
1995-04-01,8.972
1995-05-01,11.57
1995-06-01,14.164
1995-07-01,15.116
1995-08-01,14.636
1995-09-01,12.565
1995-10-01,10.106
1995-11-01,6.761
1995-12-01,4.123
1996-01-01,2.862
1996-02-01,4.012
1996-03-01,5.524
1996-04-01,8.679
1996-05-01,11.588
1996-06-01,13.681
1996-07-01,14.827
1996-08-01,14.603
1996-09-01,12.294
1996-10-01,9.525
1996-11-01,6.547
1996-12-01,4.325
1997-01-01,3.165
1997-02-01,3.766
1997-03-01,6.012
1997-04-01,8.891
1997-05-01,11.593
1997-06-01,14.131
1997-07-01,14.565
1997-08-01,14.256
1997-09-01,12.685
1997-10-01,10.109
1997-11-01,6.841
1997-12-01,4.417
1998-01-01,3.352
1998-02-01,4.826
1998-03-01,6.023
1998-04-01,9.358
1998-05-01,12.291
1998-06-01,14.521
1998-07-01,15.34
1998-08-01,14.874
1998-09-01,12.673
1998-10-01,9.941
1998-11-01,6.404
1998-12-01,4.669
1999-01-01,3.544
1999-02-01,4.694
1999-03-01,5.53
1999-04-01,8.838
1999-05-01,11.706
1999-06-01,14.031
1999-07-01,14.853
1999-08-01,14.348
1999-09-01,12.723
1999-10-01,9.997
1999-11-01,6.592
1999-12-01,4.565
2000-01-01,2.95
2000-02-01,4.184
2000-03-01,6.219
2000-04-01,9.552
2000-05-01,11.874
2000-06-01,14.06
2000-07-01,14.848
2000-08-01,14.519
2000-09-01,12.547
2000-10-01,9.486
2000-11-01,6.312
2000-12-01,3.863
2001-01-01,3.336
2001-02-01,3.72
2001-03-01,6.208
2001-04-01,9.245
2001-05-01,12.271
2001-06-01,14.11
2001-07-01,15.161
2001-08-01,14.427
2001-09-01,12.736
2001-10-01,9.935
2001-11-01,7.319
2001-12-01,4.507
2002-01-01,4.026
2002-02-01,4.704
2002-03-01,6.772
2002-04-01,9.229
2002-05-01,12.248
2002-06-01,14.084
2002-07-01,15.354
2002-08-01,14.56
2002-09-01,12.95
2002-10-01,9.988
2002-11-01,6.892
2002-12-01,4.038
2003-01-01,3.981
2003-02-01,4.085
2003-03-01,6.048
2003-04-01,9.154
2003-05-01,12.153
2003-06-01,14.017
2003-07-01,14.983
2003-08-01,14.691
2003-09-01,12.911
2003-10-01,10.424
2003-11-01,6.727
2003-12-01,5.133
2004-01-01,3.525
2004-02-01,4.499
2004-03-01,6.321
2004-04-01,9.249
2004-05-01,11.571
2004-06-01,13.889
2004-07-01,14.312
2004-08-01,14.188
2004-09-01,12.642
2004-10-01,10.127
2004-11-01,7.315
2004-12-01,4.257
2005-01-01,3.808
2005-02-01,3.92
2005-03-01,6.544
2005-04-01,9.618
2005-05-01,12.226
2005-06-01,14.476
2005-07-01,15.19
2005-08-01,14.51
2005-09-01,13.217
2005-10-01,10.601
2005-11-01,7.423
2005-12-01,4.878
2006-01-01,3.286
2006-02-01,4.43
2006-03-01,6.329
2006-04-01,9.055
2006-05-01,11.786
2006-06-01,14.443
2006-07-01,15.042
2006-08-01,14.913
2006-09-01,12.875
2006-10-01,10.289
2006-11-01,6.955
2006-12-01,4.987
2007-01-01,4.579
2007-02-01,4.221
2007-03-01,6.485
2007-04-01,9.823
2007-05-01,12.518
2007-06-01,14.309
2007-07-01,15.23
2007-08-01,14.752
2007-09-01,12.93
2007-10-01,10.332
2007-11-01,7.084
2007-12-01,4.523
2008-01-01,2.844
2008-02-01,3.576
2008-03-01,6.906
2008-04-01,9.295
2008-05-01,12.054
2008-06-01,14.145
2008-07-01,15.174
2008-08-01,14.377
2008-09-01,12.802
2008-10-01,10.399
2008-11-01,7.224
2008-12-01,4.385
2009-01-01,3.687
2009-02-01,4.094
2009-03-01,6.086
2009-04-01,9.367
2009-05-01,12.112
2009-06-01,14.201
2009-07-01,15.231
2009-08-01,14.655
2009-09-01,13.153
2009-10-01,10.136
2009-11-01,7.031
2009-12-01,4.31
2010-01-01,3.737
2010-02-01,4.399
2010-03-01,6.738
2010-04-01,9.671
2010-05-01,12.406
2010-06-01,14.421
2010-07-01,15.213
2010-08-01,14.768
2010-09-01,12.863
2010-10-01,10.442
2010-11-01,7.487
2010-12-01,4.292
2011-01-01,3.282
2011-02-01,3.743
2011-03-01,6.101
2011-04-01,9.483
2011-05-01,11.986
2011-06-01,14.37
2011-07-01,15.482
2011-08-01,15.012
2011-09-01,12.912
2011-10-01,10.352
2011-11-01,6.814
2011-12-01,4.655
2012-01-01,3.157
2012-02-01,3.628
2012-03-01,6.023
2012-04-01,9.676
2012-05-01,12.59
2012-06-01,14.492
2012-07-01,15.076
2012-08-01,14.72
2012-09-01,13.04
2012-10-01,10.428
2012-11-01,7.156
2012-12-01,4.102
2013-01-01,3.685
2013-02-01,4.222
2013-03-01,6.261
2013-04-01,9.044
2013-05-01,12.195
2013-06-01,14.568
2013-07-01,15.003
2013-08-01,14.742
2013-09-01,13.154
2013-10-01,10.256
2013-11-01,7.424
2013-12-01,4.724
2014-01-01,3.732
2014-02-01,3.5
2014-03-01,6.378
2014-04-01,9.589
2014-05-01,12.582
2014-06-01,14.335
2014-07-01,14.873
2014-08-01,14.875
2014-09-01,13.091
2014-10-01,10.33
2014-11-01,6.713
2014-12-01,4.85
2015-01-01,3.881
2015-02-01,4.664
2015-03-01,6.74
2015-04-01,9.313
2015-05-01,12.312
2015-06-01,14.505
2015-07-01,15.051
2015-08-01,14.755
2015-09-01,12.999
2015-10-01,10.801
2015-11-01,7.433
2015-12-01,5.518